ServerID,Longitude,Latitude,LinkBandwidth,ComputationCapacity,StorageCapacity,TrafficRate,ClusterID,OriginalID,NormalizedCompute
Server2_585,-0.8438,52.1508,50,59,35,23,Server2,5413632,1.0
Server2_182,-1.1678,51.0796,50,59,18,40,Server2,2830849,1.0
Server2_425,0.0032,51.4892,50,59,21,34,Server2,135307384,1.0
Server2_257,-2.5066,53.3779,50,59,15,29,Server2,4177186,1.0
Server2_161,-1.2375,54.5314,50,59,37,40,Server2,27,1.0
Server2_950,0.064,52.1705,50,59,26,45,Server2,5201420,1.0
Server2_164,-0.9882,51.4554,50,59,26,46,Server2,5715980,1.0
Server2_850,-3.6505,57.4001,50,59,22,32,Server2,133454090,1.0
Server2_360,-4.253,56.8792,50,59,21,47,Server2,12927494,1.0
Server2_743,-1.1481,52.9217,50,59,29,29,Server2,128283522,1.0
Server2_311,-0.1742,51.5088,50,59,23,44,Server2,133610116,1.0
Server2_338,-0.4104,51.6756,50,59,19,30,Server2,1341950,1.0
Server2_700,-0.0842,51.4641,50,59,36,27,Server2,4077824,1.0
Server2_602,-2.0951,52.8002,50,59,31,37,Server2,58626372,1.0
Server2_741,-1.4323,53.7933,50,59,29,30,Server2,5181454,1.0
Server2_539,-2.8777,51.6727,50,59,25,47,Server2,13723464,1.0
Server2_692,-2.2678,53.3661,50,59,18,45,Server2,40306,1.0
Server2_686,-1.3741,54.8364,50,59,36,26,Server2,17673,1.0
Server2_846,-3.0379,56.467,50,59,33,43,Server2,130519321,1.0
Server2_326,-1.5482,51.2141,50,59,35,47,Server2,9656837,1.0
Server2_997,-3.9701,55.8511,50,59,35,42,Server2,1912854,1.0
Server2_114,-3.1837,51.4778,50,59,32,32,Server2,2117902,1.0
Server2_460,0.0375,52.2247,50,59,35,22,Server2,7460,1.0
Server2_956,-2.0937,52.6408,50,59,30,40,Server2,3118849,1.0
Server2_936,-0.0774,51.5071,50,59,23,27,Server2,455241,1.0
Server2_380,0.0841,52.133,50,59,20,39,Server2,670728,1.0
Server2_617,-1.5046,52.38,50,59,33,36,Server2,8362764,1.0
Server2_266,-0.2319,51.4076,50,58,19,33,Server2,1266571,0.9830508474576272
Server2_804,-0.2385,51.6936,50,58,16,37,Server2,28031,0.9830508474576272
Server2_556,0.6501,51.5615,50,58,22,26,Server2,131154814,0.9830508474576272
Server2_516,0.1138,52.2113,50,58,27,25,Server2,8357650,0.9830508474576272
Server2_96,-2.2875,53.4962,50,58,24,39,Server2,3544320,0.9830508474576272
Server2_863,-2.9876,51.6049,50,58,30,42,Server2,84443171,0.9830508474576272
Server2_523,-1.4633,51.4489,50,58,17,20,Server2,2777608,0.9830508474576272
Server2_737,-0.1695,51.4967,50,58,31,26,Server2,3262740,0.9830508474576272
Server2_888,-1.456,52.38,50,58,31,22,Server2,12941830,0.9830508474576272
Server2_21,-3.4655,50.6434,50,58,17,34,Server2,4517150,0.9830508474576272
Server2_208,-0.4917,51.9258,50,58,21,24,Server2,9602,0.9830508474576272
Server2_77,-2.2174,53.4424,50,58,23,20,Server2,3350529,0.9830508474576272
Server2_646,-1.9937,52.5754,50,58,19,22,Server2,4007942,0.9830508474576272
Server2_456,-0.3447,51.7084,50,58,29,37,Server2,3613474,0.9830508474576272
Server2_196,-3.1432,51.4927,50,58,35,47,Server2,1075015,0.9830508474576272
Server2_729,-0.0078,51.5435,50,58,21,44,Server2,138682248,0.9830508474576272
Server2_366,-2.0933,53.456,50,58,35,47,Server2,6888706,0.9830508474576272
Server2_482,0.1283,51.4754,50,58,15,29,Server2,3500052,0.9830508474576272
Server2_174,-1.4498,52.7518,50,58,34,45,Server2,130592391,0.9830508474576272
Server2_335,-0.2881,51.4843,50,58,27,21,Server2,139050121,0.9830508474576272
Server2_587,-1.7095,52.4485,50,58,21,44,Server2,3450,0.9830508474576272
Server2_713,-1.005,51.463,50,58,29,32,Server2,31453813,0.9830508474576272
Server2_254,-1.1741,51.9177,50,58,17,40,Server2,1618950,0.9830508474576272
Server2_923,-0.3035,51.6359,50,58,21,45,Server2,3236103,0.9830508474576272
Server2_462,-5.8969,54.5792,50,57,25,38,Server2,3081563,0.9661016949152542
Server2_882,-1.1611,51.8943,50,57,35,27,Server2,129445667,0.9661016949152542
Server2_490,-0.5933,51.584,50,57,28,27,Server2,4153110,0.9661016949152542
Server2_1000,-2.1827,53.0093,50,57,18,21,Server2,13307392,0.9661016949152542
Server2_830,-1.6408,54.9736,50,57,29,30,Server2,130405130,0.9661016949152542
Server2_511,-0.0649,51.5216,50,57,17,45,Server2,135999598,0.9661016949152542
Server2_775,-2.1132,51.4637,50,57,30,31,Server2,764710,0.9661016949152542
Server2_555,-2.0913,50.6753,50,57,25,31,Server2,2387212,0.9661016949152542
Server2_267,-2.2307,53.4341,50,57,31,25,Server2,81676,0.9661016949152542
Server2_173,0.2973,51.4929,50,57,36,30,Server2,2716167,0.9661016949152542
Server2_601,-0.3582,51.3493,50,57,32,31,Server2,208652,0.9661016949152542
Server2_192,-0.1341,51.5106,50,57,35,34,Server2,128786291,0.9661016949152542
Server2_632,-2.5164,53.4037,50,57,36,23,Server2,30449030,0.9661016949152542
Server2_643,-3.6263,51.1126,50,57,28,34,Server2,10164,0.9661016949152542
Server2_645,-0.3774,51.5061,50,57,16,32,Server2,131552116,0.9661016949152542
Server2_649,-1.6588,53.8021,50,57,31,43,Server2,2671620,0.9661016949152542
Server2_207,-3.4663,52.9833,50,57,24,42,Server2,2736135,0.9661016949152542
Server2_887,-2.1104,53.4903,50,57,30,24,Server2,139362170,0.9661016949152542
Server2_106,-1.4082,51.6858,50,57,25,29,Server2,26208,0.9661016949152542
Server2_929,-1.2076,52.8915,50,57,25,27,Server2,3167749,0.9661016949152542
Server2_10,-0.4282,51.3114,50,57,28,46,Server2,137412482,0.9661016949152542
Server2_50,-0.3142,51.4917,50,57,31,43,Server2,624153,0.9661016949152542
Server2_370,0.5666,52.6406,50,57,37,47,Server2,1597,0.9661016949152542
Server2_55,-1.1111,51.2651,50,57,18,38,Server2,3081746,0.9661016949152542
Server2_404,-0.1452,51.4949,50,57,26,34,Server2,137465991,0.9661016949152542
Server2_426,-3.4015,56.0273,50,57,32,39,Server2,138628488,0.9661016949152542
Server2_972,-0.2566,52.5849,50,57,24,28,Server2,129192739,0.9661016949152542
Server2_823,-1.3898,52.9244,50,56,23,43,Server2,13075712,0.9491525423728814
Server2_41,-0.3368,51.4246,50,56,22,32,Server2,135096201,0.9491525423728814
Server2_354,-2.3384,53.0771,50,56,20,36,Server2,15259,0.9491525423728814
Server2_756,-0.0604,51.2571,50,56,34,47,Server2,136009599,0.9491525423728814
Server2_31,0.0476,51.4558,50,56,18,35,Server2,135075192,0.9491525423728814
Server2_358,-0.102,51.4547,50,56,31,36,Server2,134628211,0.9491525423728814
Server2_110,-2.9414,53.4827,50,56,23,32,Server2,651847,0.9491525423728814
Server2_781,-2.2388,53.4812,50,56,19,24,Server2,2811653,0.9491525423728814
Server2_492,-1.4069,52.3764,50,56,22,21,Server2,131061780,0.9491525423728814
Server2_263,-2.2799,53.4678,50,56,21,44,Server2,1501206,0.9491525423728814
Server2_210,-2.0022,53.5567,50,56,22,25,Server2,640632,0.9491525423728814
Server2_586,-0.494,51.4931,50,56,27,21,Server2,2237974,0.9491525423728814
Server2_12,-1.588,52.3459,50,56,28,43,Server2,131033123,0.9491525423728814
Server2_378,-2.158,52.2123,50,56,16,46,Server2,4810252,0.9491525423728814
Server2_672,-1.5221,52.4396,50,56,16,32,Server2,3387137,0.9491525423728814
Server2_631,-1.331,53.1389,50,56,18,42,Server2,133369716,0.9491525423728814
Server2_461,0.0022,51.5098,50,56,28,42,Server2,175384,0.9491525423728814
Server2_364,-1.1852,52.3473,50,56,32,47,Server2,44101361,0.9491525423728814
Server2_62,-0.0851,51.1219,50,56,22,30,Server2,27079300,0.9491525423728814
Server2_610,-1.0542,51.4441,50,56,17,25,Server2,3482382,0.9491525423728814
Server2_705,-1.2644,52.3888,50,56,17,40,Server2,1763586,0.9491525423728814
Server2_418,-2.9622,53.4583,50,55,17,20,Server2,140132489,0.9322033898305084
Server2_754,1.287,52.6175,50,55,35,30,Server2,136823418,0.9322033898305084
Server2_543,-2.4769,53.5256,50,55,24,20,Server2,29526898,0.9322033898305084
Server2_941,0.2131,51.4072,50,55,37,45,Server2,25232,0.9322033898305084
Server2_669,-1.5251,53.7725,50,55,15,47,Server2,977480,0.9322033898305084
Server2_72,-0.1829,51.6843,50,55,25,42,Server2,301896,0.9322033898305084
Server2_202,-1.1978,53.138,50,55,16,45,Server2,133363230,0.9322033898305084
Server2_382,-2.3574,51.6394,50,55,18,44,Server2,1329286,0.9322033898305084
Server2_989,-0.1518,51.44,50,55,27,28,Server2,135430772,0.9322033898305084
Server2_39,-1.4323,53.7933,50,55,24,47,Server2,133969689,0.9322033898305084
Server2_720,-0.1062,51.5143,50,55,37,36,Server2,3047955,0.9322033898305084
Server2_259,-0.6076,51.461,50,55,33,28,Server2,2508044,0.9322033898305084
Server2_578,-2.2054,52.9221,50,55,17,33,Server2,4792577,0.9322033898305084
Server2_157,-0.0827,51.4959,50,55,23,39,Server2,3399424,0.9322033898305084
Server2_413,-1.9307,52.6476,50,55,35,20,Server2,3779862,0.9322033898305084
Server2_890,-6.4457,54.4249,50,55,19,27,Server2,4018690,0.9322033898305084
Server2_70,-3.4844,52.8895,50,55,15,20,Server2,2724,0.9322033898305084
Server2_304,-1.1642,52.9195,50,55,33,24,Server2,3159040,0.9322033898305084
Server2_483,-2.3672,53.4593,50,55,32,35,Server2,139521154,0.9322033898305084
Server2_440,-1.9709,52.4462,50,54,36,42,Server2,139730302,0.9152542372881356
Server2_268,-4.2008,55.8712,50,54,32,42,Server2,611585,0.9152542372881356
Server2_191,-0.1497,51.4735,50,54,29,37,Server2,134399367,0.9152542372881356
Server2_614,-0.4121,51.4801,50,54,32,30,Server2,3579392,0.9152542372881356
Server2_443,-3.5439,51.7474,50,54,37,28,Server2,2361864,0.9152542372881356
Server2_943,-6.0996,54.4508,50,54,17,20,Server2,3117569,0.9152542372881356
Server2_814,-0.3189,51.5546,50,54,23,44,Server2,133198466,0.9152542372881356
Server2_66,-7.3247,54.9952,50,54,16,26,Server2,137845007,0.9152542372881356
Server2_301,-0.0946,51.4803,50,54,31,32,Server2,4129830,0.9152542372881356
Server2_494,1.5062,52.1743,50,54,27,33,Server2,38181,0.9152542372881356
Server2_99,-1.4401,52.7515,50,54,34,31,Server2,3695617,0.9152542372881356
Server2_538,-0.1998,51.7055,50,54,29,45,Server2,50406,0.9152542372881356
Server2_325,-1.4514,52.0029,50,54,23,34,Server2,4632064,0.9152542372881356
Server2_402,-0.9783,51.4552,50,54,33,47,Server2,2308126,0.9152542372881356
Server2_981,-0.9701,51.4264,50,54,15,33,Server2,3770378,0.9152542372881356
Server2_927,1.0114,51.2874,50,54,31,29,Server2,13466625,0.9152542372881356
Server2_808,-1.303,51.0509,50,54,31,36,Server2,2893058,0.9152542372881356
Server2_433,-1.5143,51.2072,50,54,29,39,Server2,4359169,0.9152542372881356
Server2_15,-1.1182,53.5478,50,53,19,21,Server2,129420162,0.8983050847457628
Server2_95,-2.0789,51.8995,50,53,29,36,Server2,4820,0.8983050847457628
Server2_579,-0.2102,51.4202,50,53,21,42,Server2,134398583,0.8983050847457628
Server2_811,-3.6129,57.3311,50,53,27,38,Server2,135119636,0.8983050847457628
Server2_187,-0.4655,51.5103,50,53,34,26,Server2,3087126,0.8983050847457628
Server2_751,-0.141,51.5419,50,53,25,36,Server2,18,0.8983050847457628
Server2_966,0.1739,52.2368,50,53,22,22,Server2,5127954,0.8983050847457628
Server2_384,-4.1341,50.391,50,53,16,45,Server2,1655426,0.8983050847457628
Server2_765,-2.5265,51.5239,50,53,35,24,Server2,2619412,0.8983050847457628
Server2_797,-0.4999,51.5134,50,53,17,39,Server2,3362336,0.8983050847457628
Server2_630,-0.1757,51.524,50,53,16,24,Server2,2193190,0.8983050847457628
Server2_118,-0.3885,51.7238,50,53,21,44,Server2,128566150,0.8983050847457628
Server2_545,-1.393,53.4081,50,53,17,40,Server2,3238658,0.8983050847457628
Server2_454,0.3503,51.4726,50,53,29,46,Server2,537880,0.8983050847457628
Server2_132,-0.2815,52.6087,50,53,24,37,Server2,130757240,0.8983050847457628
Server2_381,-0.4279,51.6228,50,53,32,32,Server2,6614018,0.8983050847457628
Server2_521,-2.2693,53.3668,50,53,36,43,Server2,1953038,0.8983050847457628
Server2_652,-0.1133,51.5032,50,53,27,23,Server2,20544789,0.8983050847457628
Server2_932,-1.3289,51.628,50,53,19,26,Server2,8488960,0.8983050847457628
Server2_998,-0.7164,51.5164,50,52,26,26,Server2,130681476,0.8813559322033898
Server2_435,-2.2509,53.4743,50,52,21,30,Server2,35458,0.8813559322033898
Server2_209,-0.0236,51.5145,50,52,35,31,Server2,10616580,0.8813559322033898
Server2_23,0.0551,52.2274,50,52,30,43,Server2,36264,0.8813559322033898
Server2_13,-2.0824,53.4877,50,52,32,37,Server2,9351,0.8813559322033898
Server2_872,-0.132,51.4623,50,52,30,29,Server2,133604734,0.8813559322033898
Server2_178,-3.0306,56.4633,50,52,23,20,Server2,13426,0.8813559322033898
Server2_249,-0.4728,51.8144,50,52,23,31,Server2,1131777,0.8813559322033898
Server2_891,-3.0546,51.5317,50,52,20,46,Server2,139523701,0.8813559322033898
Server2_467,0.1408,51.6741,50,52,30,35,Server2,13018113,0.8813559322033898
Server2_67,-1.5648,52.3267,50,52,36,33,Server2,8948632,0.8813559322033898
Server2_329,-0.7747,51.5246,50,52,19,45,Server2,130544238,0.8813559322033898
Server2_310,-1.9067,53.8733,50,52,30,42,Server2,20317,0.8813559322033898
Server2_116,-0.2167,51.7443,50,52,24,39,Server2,36542,0.8813559322033898
Server2_94,-0.1234,51.5526,50,52,28,41,Server2,1173250,0.8813559322033898
Server2_799,0.1468,51.7081,50,52,31,31,Server2,3550471,0.8813559322033898
Server2_303,-0.2309,51.7317,50,52,32,28,Server2,3543586,0.8813559322033898
Server2_346,-0.6041,51.6782,50,52,33,38,Server2,3334656,0.8813559322033898
Server2_812,-0.8233,51.1695,50,52,33,30,Server2,3336470,0.8813559322033898
Server2_275,-1.7916,52.3822,50,52,30,29,Server2,4117778,0.8813559322033898
Server2_341,-2.3754,53.5664,50,52,23,28,Server2,7535876,0.8813559322033898
Server2_93,-2.1613,52.9892,50,52,16,39,Server2,2058589,0.8813559322033898
Server2_115,-0.1976,51.5733,50,52,20,26,Server2,8403968,0.8813559322033898
Server2_166,0.0004,51.5326,50,52,22,31,Server2,615753,0.8813559322033898
Server2_349,-1.2656,52.3829,50,52,20,44,Server2,13916949,0.8813559322033898
Server2_206,0.2518,51.4276,50,51,26,37,Server2,1249537,0.864406779661017
Server2_377,-0.0112,51.5074,50,51,23,47,Server2,9621260,0.864406779661017
Server2_287,-2.5988,51.5456,50,51,19,35,Server2,2738185,0.864406779661017
Server2_290,-0.5312,51.561,50,51,17,40,Server2,3337502,0.864406779661017
Server2_526,-0.8881,52.1819,50,51,22,24,Server2,6211841,0.864406779661017
Server2_990,-1.2017,51.9305,50,51,29,45,Server2,13045083,0.864406779661017
Server2_506,-0.3246,51.6436,50,51,18,35,Server2,3364382,0.864406779661017
Server2_639,-2.9908,51.6059,50,51,22,33,Server2,1737090,0.864406779661017
Server2_136,-0.1601,51.1144,50,51,33,23,Server2,51852976,0.864406779661017
Server2_768,-1.968,52.4931,50,51,20,42,Server2,12691458,0.864406779661017
Server2_918,-0.5783,51.3966,50,51,21,45,Server2,1764374,0.864406779661017
Server2_559,-1.5376,53.5646,50,51,36,20,Server2,129959700,0.864406779661017
Server2_955,-1.5419,52.1357,50,51,28,31,Server2,1985538,0.864406779661017
Server2_484,-0.0768,51.5378,50,51,34,22,Server2,128500600,0.864406779661017
Server2_922,-1.551,52.4035,50,51,22,40,Server2,8797703,0.864406779661017
Server2_595,0.1713,50.8167,50,51,21,25,Server2,131327610,0.864406779661017
Server2_22,-0.8432,53.2073,50,51,24,41,Server2,134275704,0.864406779661017
Server2_33,-1.0035,51.4949,50,51,18,44,Server2,28374918,0.864406779661017
Server2_156,-2.1142,53.458,50,51,25,44,Server2,3618304,0.864406779661017
Server2_925,-1.6473,50.8324,50,51,19,47,Server2,2785310,0.864406779661017
Server2_389,-1.9857,52.4259,50,51,32,42,Server2,5650456,0.864406779661017
Server2_664,-1.3196,51.4161,50,51,15,37,Server2,13752923,0.864406779661017
Server2_107,0.0116,51.594,50,51,29,25,Server2,128771438,0.864406779661017
Server2_504,-1.8691,52.3529,50,51,27,38,Server2,29442162,0.864406779661017
Server2_721,0.112,51.507,50,51,30,46,Server2,135394419,0.864406779661017
Server2_240,-4.2283,57.4774,50,50,28,33,Server2,131495200,0.847457627118644
Server2_297,-2.5671,51.4548,50,50,21,32,Server2,12839936,0.847457627118644
Server2_241,-0.1252,51.4942,50,50,17,38,Server2,9799368720,0.847457627118644
Server2_429,-0.3748,51.6177,50,50,32,27,Server2,3375118,0.847457627118644
Server2_564,-0.4111,51.4444,50,50,17,33,Server2,199241,0.847457627118644
Server2_379,-0.5359,50.8249,50,50,17,38,Server2,40339963,0.847457627118644
Server2_813,-3.4663,52.9833,50,50,32,47,Server2,7401221,0.847457627118644
Server2_898,-1.9969,53.8305,50,50,36,37,Server2,6660613,0.847457627118644
Server2_119,-1.9839,52.5599,50,50,17,27,Server2,13317376,0.847457627118644
Server2_851,-0.9498,51.4535,50,50,35,28,Server2,3693581,0.847457627118644
Server2_195,-0.2666,51.4013,50,50,36,31,Server2,9422344,0.847457627118644
Server2_874,-0.0211,51.4671,50,50,20,33,Server2,3854,0.847457627118644
Server2_78,-0.3699,51.6736,50,50,36,28,Server2,131391101,0.847457627118644
Server2_65,-0.7539,51.4777,50,50,26,36,Server2,41898121,0.847457627118644
Server2_724,-1.4034,50.951,50,50,37,25,Server2,28694382,0.847457627118644
Server2_665,-0.1704,51.2303,50,50,34,20,Server2,51900128,0.847457627118644
Server2_674,-2.0648,51.4946,50,50,23,45,Server2,450328,0.847457627118644
Server2_18,-1.1197,52.9007,50,50,35,39,Server2,3365382,0.847457627118644
Server2_334,-0.0646,51.5128,50,49,34,28,Server2,12814593,0.8305084745762712
Server2_121,-2.128,53.2899,50,49,28,29,Server2,8219137,0.8305084745762712
Server2_727,-2.0098,52.5013,50,49,20,33,Server2,64072,0.8305084745762712
Server2_160,-1.5329,53.772,50,49,25,23,Server2,4914702,0.8305084745762712
Server2_575,-3.1631,51.4658,50,49,17,39,Server2,25244,0.8305084745762712
Server2_760,-0.806,51.6164,50,49,28,25,Server2,802305,0.8305084745762712
Server2_557,-2.7676,51.581,50,49,18,23,Server2,29970810,0.8305084745762712
Server2_779,-1.9672,53.1984,50,49,21,36,Server2,5430016,0.8305084745762712
Server2_795,-1.3366,52.0722,50,49,28,27,Server2,130225291,0.8305084745762712
Server2_123,-1.5438,52.2711,50,49,34,43,Server2,5795841,0.8305084745762712
Server2_818,-3.564,50.5447,50,49,28,30,Server2,4916,0.8305084745762712
Server2_832,0.1973,51.4601,50,49,24,45,Server2,5778208,0.8305084745762712
Server2_837,-3.8635,57.5853,50,49,37,20,Server2,4716545,0.8305084745762712
Server2_959,-2.1669,52.0351,50,49,30,24,Server2,4434946,0.8305084745762712
Server2_703,-2.2556,53.4277,50,49,15,26,Server2,147488,0.8305084745762712
Server2_865,-1.605,53.7803,50,49,37,44,Server2,131008885,0.8305084745762712
Server2_914,-2.9754,53.4673,50,49,26,39,Server2,160542,0.8305084745762712
Server2_906,-0.1637,51.5042,50,49,30,24,Server2,4115986,0.8305084745762712
Server2_446,-1.3273,51.0974,50,49,16,33,Server2,35937,0.8305084745762712
Server2_854,-1.1631,53.7704,50,49,20,26,Server2,5453,0.8305084745762712
Server2_662,-3.5549,50.6723,50,49,29,45,Server2,2325524,0.8305084745762712
Server2_188,-2.2351,53.4701,50,49,34,29,Server2,3624193,0.8305084745762712
Server2_670,-1.9698,50.6091,50,49,15,34,Server2,1902663,0.8305084745762712
Server2_701,0.0048,51.5651,50,48,28,26,Server2,129677432,0.8135593220338984
Server2_620,-2.9489,53.402,50,48,24,28,Server2,139220103,0.8135593220338984
Server2_678,-1.4652,53.5631,50,48,26,44,Server2,14233849,0.8135593220338984
Server2_870,-1.9988,52.3549,50,48,35,26,Server2,4391181,0.8135593220338984
Server2_85,-2.5027,51.5321,50,48,15,30,Server2,30029422,0.8135593220338984
Server2_885,0.2558,51.8763,50,48,32,42,Server2,131159162,0.8135593220338984
Server2_75,-0.0648,51.5358,50,48,18,45,Server2,512002,0.8135593220338984
Server2_53,-0.0474,51.6131,50,48,35,47,Server2,129778296,0.8135593220338984
Server2_352,-4.708,56.2883,50,48,34,39,Server2,50988,0.8135593220338984
Server2_963,-2.7745,54.0677,50,48,28,26,Server2,51804854,0.8135593220338984
Server2_970,-1.4046,52.4718,50,48,16,46,Server2,7057409,0.8135593220338984
Server2_976,-1.6982,50.9634,50,48,23,26,Server2,13001480,0.8135593220338984
Server2_390,-1.8017,51.5401,50,48,37,47,Server2,7995139,0.8135593220338984
Server2_14,-4.937,50.5407,50,48,23,27,Server2,14002798,0.8135593220338984
Server2_999,-1.7969,52.5112,50,48,22,26,Server2,5191714,0.8135593220338984
Server2_294,-1.9,52.467,50,48,33,28,Server2,3380481,0.8135593220338984
Server2_486,-2.6092,51.4642,50,48,20,28,Server2,1340690,0.8135593220338984
Server2_255,-1.1866,52.8364,50,48,17,21,Server2,3490816,0.8135593220338984
Server2_213,-1.7105,52.478,50,47,16,31,Server2,3605760,0.7966101694915254
Server2_495,-1.9535,52.684,50,47,21,25,Server2,7068419,0.7966101694915254
Server2_103,-0.073,51.5298,50,47,17,28,Server2,128098440,0.7966101694915254
Server2_305,-0.2498,51.6552,50,47,21,42,Server2,3458572,0.7966101694915254
Server2_577,-1.9912,52.3923,50,47,17,31,Server2,2774532,0.7966101694915254
Server2_637,-2.5937,54.4385,50,47,36,25,Server2,21280,0.7966101694915254
Server2_478,0.0142,51.4622,50,47,27,27,Server2,27308,0.7966101694915254
Server2_242,-1.2302,52.5907,50,47,17,34,Server2,7023362,0.7966101694915254
Server2_328,-3.5345,50.4593,50,47,28,24,Server2,2094350,0.7966101694915254
Server2_436,-2.6731,51.6241,50,47,20,35,Server2,2466049,0.7966101694915254
Server2_567,-2.4977,53.2034,50,47,37,23,Server2,5888260,0.7966101694915254
Server2_912,-3.0531,53.3537,50,47,26,33,Server2,116334,0.7966101694915254
Server2_342,-1.0577,51.3502,50,47,26,35,Server2,47204169,0.7966101694915254
Server2_428,-2.2022,52.7821,50,47,21,34,Server2,3972366,0.7966101694915254
Server2_945,-0.1025,51.5199,50,47,19,39,Server2,9164472329,0.7966101694915254
Server2_395,-0.1105,51.5251,50,47,36,32,Server2,5410594,0.7966101694915254
Server2_17,-1.4987,53.3434,50,47,22,20,Server2,59136074,0.7966101694915254
Server2_714,-2.2762,53.4603,50,47,27,46,Server2,3034378,0.7966101694915254
Server2_996,-2.8036,54.3661,50,47,19,29,Server2,51818941,0.7966101694915254
Server2_711,-2.1383,52.0924,50,47,21,35,Server2,28145538,0.7966101694915254
Server2_829,-5.2052,56.4253,50,47,35,28,Server2,4877325,0.7966101694915254
Server2_224,-1.2568,53.0478,50,47,18,27,Server2,133812758,0.7966101694915254
Server2_767,-1.8829,52.4655,50,47,33,34,Server2,7839235,0.7966101694915254
Server2_558,-0.0286,51.5103,50,47,27,42,Server2,3483397,0.7966101694915254
Server2_135,-1.0993,53.4352,50,47,24,30,Server2,14433,0.7966101694915254
Server2_145,-0.2413,51.378,50,46,25,46,Server2,13329737,0.7796610169491526
Server2_198,-0.1107,51.503,50,46,27,32,Server2,86900771,0.7796610169491526
Server2_430,-0.0911,51.5039,50,46,26,26,Server2,10507544,0.7796610169491526
Server2_348,-0.3879,53.7658,50,46,30,36,Server2,1149440,0.7796610169491526
Server2_603,-0.4035,51.6952,50,46,33,40,Server2,76066,0.7796610169491526
Server2_355,-0.0219,51.6027,50,46,30,38,Server2,2255128,0.7796610169491526
Server2_230,-0.1825,51.5185,50,46,36,34,Server2,153949063,0.7796610169491526
Server2_393,-0.0462,51.49,50,46,30,22,Server2,692482,0.7796610169491526
Server2_666,-0.8876,53.0251,50,46,21,31,Server2,2652934,0.7796610169491526
Server2_152,-2.1635,51.102,50,46,24,24,Server2,13610504,0.7796610169491526
Server2_819,-1.8741,52.3538,50,46,20,31,Server2,3842060,0.7796610169491526
Server2_183,-2.4347,51.4907,50,46,24,27,Server2,987662,0.7796610169491526
Server2_748,-0.9884,51.4551,50,46,28,39,Server2,29285,0.7796610169491526
Server2_613,-2.4932,51.518,50,46,23,37,Server2,6732552,0.7796610169491526
Server2_594,0.0265,51.5099,50,45,37,37,Server2,257543,0.7627118644067796
Server2_343,-2.2216,52.1947,50,45,25,41,Server2,48253925,0.7627118644067796
Server2_934,-2.3492,52.6749,50,45,31,44,Server2,2771842,0.7627118644067796
Server2_695,-2.3443,51.5034,50,45,21,39,Server2,6115622,0.7627118644067796
Server2_36,0.2782,51.1968,50,45,30,44,Server2,1717514,0.7627118644067796
Server2_573,-1.7573,52.4019,50,45,35,27,Server2,6601473,0.7627118644067796
Server2_2,-1.2661,53.0603,50,45,28,42,Server2,7849985,0.7627118644067796
Server2_640,-0.1289,51.5112,50,45,33,32,Server2,5815992,0.7627118644067796
Server2_444,-2.428,53.109,50,45,17,30,Server2,4158981,0.7627118644067796
Server2_806,-1.9489,52.4762,50,45,33,32,Server2,2730242,0.7627118644067796
Server2_407,-2.3789,53.116,50,45,20,26,Server2,2397806,0.7627118644067796
Server2_45,-1.0953,53.9602,50,45,30,30,Server2,51356,0.7627118644067796
Server2_434,-4.2812,56.2536,50,45,26,28,Server2,5965825,0.7627118644067796
Server2_363,-1.5401,52.4114,50,45,16,20,Server2,3649564,0.7627118644067796
Server2_273,-0.8861,51.6412,50,45,18,38,Server2,4440322,0.7627118644067796
Server2_726,-3.1721,55.9759,50,45,24,37,Server2,129709844,0.7627118644067796
Server2_628,-1.8784,52.1883,50,45,32,20,Server2,13751083,0.7627118644067796
Server2_524,-0.462,51.7094,50,45,24,44,Server2,3403298,0.7627118644067796
Server2_368,-0.187,51.5038,50,45,27,22,Server2,136675182,0.7627118644067796
Server2_758,-2.4145,51.3878,50,45,22,33,Server2,606727,0.7627118644067796
Server2_745,-2.0682,52.6579,50,45,22,37,Server2,13166598,0.7627118644067796
Server2_171,-3.9474,55.9774,50,44,26,43,Server2,1391626,0.7457627118644068
Server2_958,-2.4302,52.5295,50,44,33,23,Server2,4814082,0.7457627118644068
Server2_948,-2.8543,53.5314,50,44,32,47,Server2,29198448,0.7457627118644068
Server2_253,-1.5533,53.2918,50,44,35,20,Server2,13070344,0.7457627118644068
Server2_9,-3.5307,57.3654,50,44,31,23,Server2,49342,0.7457627118644068
Server2_580,-2.1187,57.1636,50,44,26,36,Server2,3660838,0.7457627118644068
Server2_27,-0.0655,51.4949,50,44,35,38,Server2,99358,0.7457627118644068
Server2_698,-0.012,51.5513,50,44,21,24,Server2,129676681,0.7457627118644068
Server2_659,-0.1706,51.5164,50,44,24,26,Server2,133976198,0.7457627118644068
Server2_16,-0.0498,51.4981,50,44,23,21,Server2,139514269,0.7457627118644068
Server2_584,-2.7153,52.0629,50,44,19,32,Server2,27721,0.7457627118644068
Server2_190,-1.9719,53.1927,50,44,34,21,Server2,3256576,0.7457627118644068
Server2_503,-0.2081,51.531,50,44,33,42,Server2,128119662,0.7457627118644068
Server2_336,-2.7579,52.6817,50,44,36,34,Server2,1619234,0.7457627118644068
Server2_876,-1.9708,51.5571,50,44,26,41,Server2,7196299,0.7457627118644068
Server2_805,-1.5247,53.7887,50,44,29,34,Server2,13333248,0.7457627118644068
Server2_189,-0.1176,51.5807,50,44,27,26,Server2,129683848,0.7457627118644068
Server2_769,-2.1808,53.4079,50,44,30,41,Server2,994889,0.7457627118644068
Server2_677,-1.6717,52.791,50,44,29,24,Server2,129851417,0.7457627118644068
Server2_740,-1.2256,51.6037,50,44,15,42,Server2,46294409,0.7457627118644068
Server2_133,-2.9033,54.3798,50,44,24,32,Server2,12493,0.7457627118644068
Server2_76,-0.4326,51.9158,50,44,31,34,Server2,1114369,0.7457627118644068
Server2_693,-0.4393,51.4936,50,43,22,38,Server2,2320660,0.7288135593220338
Server2_608,-1.2392,51.6912,50,43,27,23,Server2,130065538,0.7288135593220338
Server2_857,-0.9882,51.4554,50,43,19,45,Server2,900108,0.7288135593220338
Server2_318,-0.2592,51.4373,50,43,35,20,Server2,1625632,0.7288135593220338
Server2_680,-2.4422,52.3701,50,43,17,47,Server2,5064705,0.7288135593220338
Server2_986,-0.5171,51.5079,50,43,37,30,Server2,153749358,0.7288135593220338
Server2_285,-0.5917,52.0234,50,43,19,47,Server2,129659402,0.7288135593220338
Server2_422,0.2433,51.454,50,43,20,36,Server2,128454530,0.7288135593220338
Server2_423,-1.3803,52.9298,50,43,15,31,Server2,154043253,0.7288135593220338
Server2_877,-2.0997,51.8974,50,43,35,30,Server2,8223748,0.7288135593220338
Server2_621,-1.3243,53.5455,50,43,17,31,Server2,134211975,0.7288135593220338
Server2_79,-2.5847,51.6076,50,43,27,30,Server2,6563841,0.7288135593220338
Server2_952,-2.6138,51.4783,50,43,29,38,Server2,8366082,0.7288135593220338
Server2_565,-0.106,51.5479,50,43,24,41,Server2,3648257,0.7288135593220338
Server2_323,-0.0888,51.5477,50,43,27,42,Server2,128090478,0.7288135593220338
Server2_992,-3.0254,56.4699,50,43,24,41,Server2,130104076,0.7288135593220338
Server2_64,-0.5883,51.4975,50,43,25,35,Server2,3052312,0.7288135593220338
Server2_641,-0.6251,53.8219,50,43,26,28,Server2,134034562,0.7288135593220338
Server2_522,-1.6354,52.611,50,43,29,33,Server2,130070548,0.7288135593220338
Server2_528,-1.2061,52.6143,50,43,36,27,Server2,8141192,0.7288135593220338
Server2_512,-2.5719,51.5253,50,42,19,43,Server2,29067384,0.711864406779661
Server2_790,0.1184,51.4917,50,42,26,41,Server2,126208,0.711864406779661
Server2_763,-2.2364,53.4685,50,42,28,45,Server2,654862,0.711864406779661
Server2_561,-0.9686,51.411,50,42,16,44,Server2,3292454,0.711864406779661
Server2_787,-2.9759,53.2938,50,42,17,39,Server2,3120385,0.711864406779661
Server2_398,-0.1367,51.5189,50,42,18,34,Server2,134239859,0.711864406779661
Server2_491,-1.698,54.9786,50,42,23,36,Server2,730,0.711864406779661
Server2_742,-3.8329,57.2028,50,42,17,40,Server2,4763394,0.711864406779661
Server2_604,-1.8325,51.5818,50,42,20,38,Server2,8365569,0.711864406779661
Server2_547,-0.3456,51.4821,50,42,26,39,Server2,128619906,0.711864406779661
Server2_897,-7.6637,54.333,50,42,30,27,Server2,131180830,0.711864406779661
Server2_903,-2.116,52.5866,50,42,25,30,Server2,139474313,0.711864406779661
Server2_657,-0.3668,51.8138,50,42,18,30,Server2,129807904,0.711864406779661
Server2_1,-2.4212,51.3885,50,42,37,43,Server2,606721,0.711864406779661
Server2_274,-0.9709,51.4551,50,42,32,39,Server2,4588574,0.711864406779661
Server2_134,-1.3749,50.9426,50,42,37,34,Server2,3078684,0.711864406779661
Server2_154,-0.0934,51.474,50,42,16,36,Server2,2650880,0.711864406779661
Server2_372,-3.039,56.4669,50,42,21,32,Server2,13426,0.711864406779661
Server2_197,-3.057,54.6378,50,42,18,42,Server2,31236978,0.711864406779661
Server2_98,-2.2388,53.4809,50,42,35,30,Server2,139480949,0.711864406779661
Server2_6,-0.3287,51.6451,50,42,34,20,Server2,13317633,0.711864406779661
Server2_667,-0.1486,51.5349,50,41,32,32,Server2,2280988,0.6949152542372882
Server2_211,0.2226,51.4274,50,41,19,37,Server2,355606,0.6949152542372882
Server2_924,-1.3897,54.058,50,41,36,24,Server2,7341,0.6949152542372882
Server2_749,-1.5021,52.4658,50,41,37,41,Server2,8964699,0.6949152542372882
Server2_80,-0.9068,52.1665,50,41,19,35,Server2,129714196,0.6949152542372882
Server2_217,-2.2951,51.7921,50,41,18,47,Server2,63750,0.6949152542372882
Server2_537,0.2244,51.9046,50,41,33,32,Server2,1540615,0.6949152542372882
Server2_84,-2.2408,51.8666,50,41,28,21,Server2,8173826,0.6949152542372882
Server2_871,-0.0775,51.3929,50,41,15,26,Server2,7895811,0.6949152542372882
Server2_867,-0.1529,51.5434,50,41,29,45,Server2,229228548,0.6949152542372882
Server2_56,0.0609,51.4899,50,41,28,38,Server2,125789,0.6949152542372882
Server2_519,-1.7299,52.4862,50,41,36,25,Server2,4392970,0.6949152542372882
Server2_551,-0.2198,51.5238,50,41,36,34,Server2,8421539849,0.6949152542372882
Server2_120,-2.4139,51.6665,50,41,25,20,Server2,54231065,0.6949152542372882
Server2_513,-2.1079,53.6031,50,41,32,42,Server2,7483909,0.6949152542372882
Server2_979,-1.7149,52.4371,50,41,16,33,Server2,140038793,0.6949152542372882
Server2_104,-1.7138,52.524,50,41,24,38,Server2,38151,0.6949152542372882
Server2_616,-1.7224,51.9276,50,41,19,39,Server2,5801217,0.6949152542372882
Server2_102,-1.7001,51.9903,50,41,26,30,Server2,1354759,0.6949152542372882
Server2_392,-1.8966,52.4848,50,41,27,37,Server2,9423323137,0.6949152542372882
Server2_400,-0.46,51.4682,50,41,21,27,Server2,8865794,0.6949152542372882
Server2_982,-2.1748,52.1769,50,41,36,28,Server2,58425,0.6949152542372882
Server2_369,-2.4311,53.5303,50,41,36,33,Server2,30424440,0.6949152542372882
Server2_746,0.0262,51.5098,50,41,16,43,Server2,22982,0.6949152542372882
Server2_473,-3.031,53.389,50,40,28,34,Server2,8427014,0.6779661016949152
Server2_167,-2.6308,51.4563,50,40,32,30,Server2,6746882,0.6779661016949152
Server2_531,-1.0766,53.9551,50,40,32,30,Server2,267015,0.6779661016949152
Server2_733,-0.1515,51.5032,50,40,31,40,Server2,21769227,0.6779661016949152
Server2_470,-2.0184,52.6791,50,40,17,45,Server2,1640960,0.6779661016949152
Server2_707,-3.0553,53.1416,50,40,32,23,Server2,5475584,0.6779661016949152
Server2_803,-1.3548,51.7772,50,40,26,44,Server2,4992,0.6779661016949152
Server2_507,-2.5795,51.4496,50,40,36,47,Server2,163119139,0.6779661016949152
Server2_321,-0.1255,51.5336,50,40,19,44,Server2,3186190,0.6779661016949152
Server2_59,-3.1914,55.9526,50,40,19,39,Server2,3108615,0.6779661016949152
Server2_347,-1.174,50.6383,50,40,26,32,Server2,3405074,0.6779661016949152
Server2_200,-3.6717,57.6023,50,40,30,29,Server2,131306250,0.6779661016949152
Server2_497,-0.5078,51.3979,50,40,34,25,Server2,2678796,0.6779661016949152
Server2_485,0.3729,51.5146,50,40,20,30,Server2,3532046,0.6779661016949152
Server2_815,-1.2767,51.8578,50,40,31,42,Server2,15142,0.6779661016949152
Server2_770,-1.371,50.9484,50,40,35,35,Server2,21198,0.6779661016949152
Server2_816,-2.5759,51.5162,50,40,29,38,Server2,1312294,0.6779661016949152
Server2_34,-1.7025,52.6271,50,40,16,36,Server2,130062368,0.6779661016949152
Server2_258,-2.1622,52.8571,50,40,30,42,Server2,4792067,0.6779661016949152
Server2_235,-1.5513,53.6832,50,40,35,25,Server2,7186688,0.6779661016949152
Server2_388,-0.1753,51.6883,50,40,29,24,Server2,6069524,0.6779661016949152
Server2_231,-2.5463,51.5201,50,40,35,42,Server2,29080690,0.6779661016949152
Server2_365,-1.3543,52.8598,50,40,29,40,Server2,16488,0.6779661016949152
Server2_550,-1.8207,52.5081,50,40,31,44,Server2,13553664,0.6779661016949152
Server2_935,-1.7058,53.5847,50,40,27,24,Server2,129739888,0.6779661016949152
Server2_498,-3.0515,51.5395,50,39,29,32,Server2,4922382,0.6610169491525424
Server2_718,-2.5806,51.4494,50,39,17,25,Server2,300064,0.6610169491525424
Server2_685,-4.8482,55.247,50,39,29,31,Server2,2494850,0.6610169491525424
Server2_141,-1.5243,53.8667,50,39,37,21,Server2,2560258,0.6610169491525424
Server2_853,-0.349,51.4089,50,39,33,24,Server2,241418,0.6610169491525424
Server2_496,0.1671,51.4429,50,39,21,43,Server2,13132289,0.6610169491525424
Server2_138,-2.2702,51.5175,50,39,25,30,Server2,473366,0.6610169491525424
Server2_735,0.6092,51.5796,50,39,15,46,Server2,130640906,0.6610169491525424
Server2_228,-1.1703,52.9303,50,39,16,25,Server2,632648,0.6610169491525424
Server2_624,-3.6519,50.5671,50,39,21,41,Server2,4234240,0.6610169491525424
Server2_831,-0.0027,51.465,50,39,29,22,Server2,92700709,0.6610169491525424
Server2_946,-2.2298,53.4775,50,39,25,30,Server2,47484097,0.6610169491525424
Server2_988,-2.2454,51.3232,50,39,31,28,Server2,2236426,0.6610169491525424
Server2_387,-2.1897,51.3028,50,39,28,37,Server2,1497710,0.6610169491525424
Server2_800,-0.1147,51.5062,50,39,22,36,Server2,4669869,0.6610169491525424
Server2_825,-0.317,51.3001,50,39,35,30,Server2,274688,0.6610169491525424
Server2_563,0.0395,51.4944,50,39,17,25,Server2,137434736,0.6610169491525424
Server2_653,-5.8976,54.5867,50,39,19,38,Server2,1518080,0.6610169491525424
Server2_111,-1.7596,53.7343,50,39,31,36,Server2,3779073,0.6610169491525424
Server2_47,-1.9667,52.5699,50,39,32,28,Server2,1822978,0.6610169491525424
Server2_238,-1.9624,52.4101,50,38,34,28,Server2,6609152,0.6440677966101694
Server2_479,-2.9477,51.596,50,38,25,42,Server2,3594782,0.6440677966101694
Server2_833,-2.0401,50.6088,50,38,24,22,Server2,2068742,0.6440677966101694
Server2_340,-0.1189,51.4925,50,38,33,46,Server2,139286683,0.6440677966101694
Server2_974,-1.9733,50.9034,50,38,22,24,Server2,9503,0.6440677966101694
Server2_299,-1.9388,52.6564,50,38,34,41,Server2,29379960,0.6440677966101694
Server2_49,-1.1805,52.2756,50,38,19,30,Server2,1162823,0.6440677966101694
Server2_306,-2.6528,51.4194,50,38,16,47,Server2,97845273,0.6440677966101694
Server2_971,-2.3074,53.385,50,38,19,34,Server2,13194844,0.6440677966101694
Server2_926,-0.4011,51.6934,50,38,24,39,Server2,76070,0.6440677966101694
Server2_515,-2.6201,53.5266,50,38,33,30,Server2,49846497,0.6440677966101694
Server2_362,-2.1407,52.5712,50,38,36,45,Server2,1111330,0.6440677966101694
Server2_51,-3.5331,50.725,50,38,34,44,Server2,19123008,0.6440677966101694
Server2_949,-0.8057,52.9466,50,38,17,38,Server2,131620462,0.6440677966101694
Server2_736,-0.4501,51.8783,50,38,17,43,Server2,7131136,0.6440677966101694
Server2_229,-1.0364,53.7865,50,38,18,33,Server2,41906,0.6440677966101694
Server2_861,-2.3059,53.4196,50,38,23,36,Server2,6339608,0.6440677966101694
Server2_411,-0.0562,51.4902,50,38,26,39,Server2,7485191,0.6440677966101694
Server2_449,-2.214,52.9561,50,38,15,35,Server2,1848838,0.6440677966101694
Server2_574,-0.4643,51.7351,50,38,22,35,Server2,988930,0.6440677966101694
Server2_571,-6.4689,57.3786,50,38,34,23,Server2,3923,0.6440677966101694
Server2_330,-2.7523,54.6637,50,38,24,20,Server2,1967228,0.6440677966101694
Server2_879,-1.7067,52.4569,50,38,29,20,Server2,8198405,0.6440677966101694
Server2_702,-0.1454,51.5777,50,38,37,22,Server2,139171493,0.6440677966101694
Server2_518,-0.2157,51.7746,50,38,31,21,Server2,6877698,0.6440677966101694
Server2_598,-0.466,51.8889,50,37,24,34,Server2,427,0.6271186440677966
Server2_660,-0.9891,52.1348,50,37,22,22,Server2,133842959,0.6271186440677966
Server2_676,-1.522,54.7137,50,37,35,47,Server2,7979009,0.6271186440677966
Server2_619,0.0959,51.4903,50,37,26,46,Server2,12966,0.6271186440677966
Server2_753,-2.7949,54.0516,50,37,34,28,Server2,4100116,0.6271186440677966
Server2_634,-0.2892,51.4793,50,37,21,36,Server2,3831324,0.6271186440677966
Server2_282,-0.2859,51.6427,50,37,15,32,Server2,7252584,0.6271186440677966
Server2_548,-3.2734,50.9652,50,37,16,39,Server2,1312798,0.6271186440677966
Server2_256,-1.2205,50.5897,50,37,26,43,Server2,10136735,0.6271186440677966
Server2_246,-1.4452,52.8629,50,37,31,26,Server2,43434086,0.6271186440677966
Server2_834,-1.4771,53.7786,50,37,24,43,Server2,2757123,0.6271186440677966
Server2_847,-0.5201,51.5063,50,37,24,23,Server2,2541582,0.6271186440677966
Server2_469,-4.7719,50.5488,50,37,26,45,Server2,2303864,0.6271186440677966
Server2_322,-0.6546,51.2864,50,37,20,43,Server2,2553346,0.6271186440677966
Server2_316,-0.6173,51.1844,50,37,30,36,Server2,47418469,0.6271186440677966
Server2_902,-0.5164,51.8844,50,37,28,22,Server2,460032,0.6271186440677966
Server2_939,-1.2686,54.5693,50,37,23,23,Server2,129563261,0.6271186440677966
Server2_909,-2.2009,53.0533,50,37,27,47,Server2,7304717,0.6271186440677966
Server2_42,-1.9863,52.455,50,37,18,25,Server2,5650466,0.6271186440677966
Server2_409,1.2857,52.638,50,37,15,45,Server2,130566154,0.6271186440677966
Server2_855,-1.0105,51.3907,50,37,19,31,Server2,3357980,0.6271186440677966
Server2_442,-1.6357,52.6031,50,37,27,24,Server2,631369,0.6271186440677966
Server2_159,-0.2405,51.9764,50,36,30,43,Server2,2021634,0.6101694915254238
Server2_868,-1.8152,53.6766,50,36,25,34,Server2,140272244,0.6101694915254238
Server2_399,-4.1303,50.3789,50,36,27,30,Server2,2510614,0.6101694915254238
Server2_416,-2.6609,53.5027,50,36,32,34,Server2,3791384,0.6101694915254238
Server2_19,-0.1407,51.573,50,36,28,21,Server2,2605825,0.6101694915254238
Server2_89,-0.2088,51.5234,50,36,23,20,Server2,128632711,0.6101694915254238
Server2_501,-0.4831,51.6856,50,36,35,41,Server2,3403286,0.6101694915254238
Server2_716,-0.0135,51.4855,50,36,37,28,Server2,1568796,0.6101694915254238
Server2_540,-2.2946,53.4183,50,36,31,26,Server2,13349724,0.6101694915254238
Server2_357,-0.1262,51.5117,50,36,34,26,Server2,2602241,0.6101694915254238
Server2_63,-0.9882,51.4554,50,36,24,24,Server2,1863958,0.6101694915254238
Server2_913,-2.4131,51.6657,50,36,19,45,Server2,54231055,0.6101694915254238
Server2_554,-0.104,51.5109,50,36,35,31,Server2,2647307,0.6101694915254238
Server2_344,-0.1344,51.5328,50,36,32,26,Server2,8683225105,0.6101694915254238
Server2_427,-2.4793,53.4688,50,36,34,35,Server2,8412691,0.6101694915254238
Server2_272,-1.6431,54.9747,50,36,19,25,Server2,128850969,0.6101694915254238
Server2_661,-0.0724,51.5245,50,36,24,44,Server2,135074672,0.6101694915254238
Server2_928,-0.6115,51.4828,50,36,23,26,Server2,9149955,0.6101694915254238
Server2_468,1.1685,51.8096,50,36,17,45,Server2,129497978,0.6101694915254238
Server2_784,-2.6812,51.4982,50,36,17,28,Server2,6116380,0.6101694915254238
Server2_794,-0.2176,51.525,50,36,17,42,Server2,7953409,0.6101694915254238
Server2_151,-1.492,52.6577,50,36,29,36,Server2,8144821,0.6101694915254238
Server2_771,-0.7616,52.0376,50,36,31,43,Server2,599042,0.6101694915254238
Server2_606,-2.1726,53.0267,50,36,29,38,Server2,2070528,0.6101694915254238
Server2_466,-3.0273,53.3892,50,36,35,25,Server2,1123696,0.6101694915254238
Server2_417,0.1271,51.507,50,35,29,33,Server2,106510,0.5932203389830508
Server2_623,-1.3041,51.0445,50,35,36,26,Server2,5494029,0.5932203389830508
Server2_581,-0.1411,51.514,50,35,19,44,Server2,130617205,0.5932203389830508
Server2_69,-0.2003,51.561,50,35,30,46,Server2,3022356,0.5932203389830508
Server2_289,-1.6156,54.9826,50,35,24,43,Server2,47217,0.5932203389830508
Server2_214,-0.4448,51.4713,50,35,31,29,Server2,1863642,0.5932203389830508
Server2_155,-0.9736,51.6838,50,35,30,22,Server2,1442048,0.5932203389830508
Server2_3,-0.8505,51.8391,50,35,22,34,Server2,10586368,0.5932203389830508
Server2_61,-1.4828,53.0199,50,35,18,41,Server2,43431882,0.5932203389830508
Server2_480,0.145,51.7458,50,35,34,32,Server2,18027,0.5932203389830508
Server2_239,-1.5764,54.3205,50,35,24,41,Server2,130501230,0.5932203389830508
Server2_359,-0.3681,51.5478,50,35,35,31,Server2,129470840,0.5932203389830508
Server2_712,-1.3265,51.6558,50,35,17,21,Server2,1841182,0.5932203389830508
Server2_58,-1.9289,52.4845,50,35,17,24,Server2,139686766,0.5932203389830508
Server2_761,-2.54,53.3761,50,35,19,47,Server2,4572184,0.5932203389830508
Server2_875,-2.2406,53.4794,50,35,30,31,Server2,141641,0.5932203389830508
Server2_759,-2.1385,53.5933,50,35,31,42,Server2,739401,0.5932203389830508
Server2_260,-0.1541,51.5342,50,35,22,22,Server2,3078168,0.5932203389830508
Server2_752,-2.9363,53.8048,50,35,18,21,Server2,2167815,0.5932203389830508
Server2_100,-2.7902,53.2852,50,35,16,27,Server2,2302744,0.5932203389830508
Server2_163,-1.3922,53.7115,50,35,31,24,Server2,138641545,0.5932203389830508
Server2_26,-0.218,51.5772,50,35,34,35,Server2,8842259,0.5932203389830508
Server2_91,-2.022,52.6507,50,35,19,27,Server2,29411972,0.5932203389830508
Server2_638,-2.5697,51.4518,50,35,37,33,Server2,2065786,0.5932203389830508
Server2_457,-4.1019,51.5828,50,35,20,47,Server2,2038304,0.5932203389830508
Server2_593,-3.5355,50.7252,50,35,20,31,Server2,4002309,0.5932203389830508
Server2_383,-2.3037,53.3595,50,35,28,46,Server2,3473409,0.5932203389830508
Server2_654,-2.277,53.48,50,34,33,26,Server2,1146882,0.576271186440678
Server2_656,-1.9379,52.4893,50,34,29,29,Server2,139687049,0.576271186440678
Server2_968,-1.5008,53.8854,50,34,30,25,Server2,13312774,0.576271186440678
Server2_568,-1.1958,54.5671,50,34,28,37,Server2,138620798,0.576271186440678
Server2_534,-1.284,53.0737,50,34,22,28,Server2,7486209,0.576271186440678
Server2_894,-0.9735,51.4534,50,34,17,37,Server2,4588582,0.576271186440678
Server2_688,-2.2702,53.4076,50,34,16,25,Server2,140298111,0.576271186440678
Server2_689,-2.2606,53.3889,50,34,27,21,Server2,12892672,0.576271186440678
Server2_176,-0.0222,51.5275,50,34,37,24,Server2,1934620,0.576271186440678
Server2_708,-1.7934,51.0577,50,34,20,24,Server2,2869012,0.576271186440678
Server2_722,-2.4009,51.6828,50,34,35,47,Server2,65118,0.576271186440678
Server2_283,-1.9584,52.386,50,34,21,42,Server2,3483938,0.576271186440678
Server2_455,-0.075,51.7975,50,34,28,33,Server2,153775887,0.576271186440678
Server2_153,-0.1411,51.5137,50,34,24,22,Server2,6996234,0.576271186440678
Server2_995,-0.0784,51.3638,50,34,21,22,Server2,139678845,0.576271186440678
Server2_474,-0.988,51.4554,50,34,24,32,Server2,13158983,0.576271186440678
Server2_822,-2.7722,52.6212,50,34,18,46,Server2,4973825,0.576271186440678
Server2_820,-0.9483,51.4745,50,34,37,45,Server2,3358494,0.576271186440678
Server2_40,-6.0381,54.7009,50,34,29,47,Server2,3622656,0.576271186440678
Server2_11,-1.825,52.6774,50,33,37,40,Server2,263169,0.559322033898305
Server2_35,-0.1143,51.5045,50,33,23,46,Server2,21764110,0.559322033898305
Server2_802,-0.8972,51.5375,50,33,37,33,Server2,133310494,0.559322033898305
Server2_636,-0.9715,51.4538,50,33,26,41,Server2,28923248,0.559322033898305
Server2_220,-6.9529,55.0544,50,33,16,22,Server2,130817671,0.559322033898305
Server2_46,-0.2231,51.5493,50,33,22,23,Server2,3438602,0.559322033898305
Server2_704,-0.3446,51.5968,50,33,20,27,Server2,1482031104,0.559322033898305
Server2_117,-1.942,52.548,50,33,22,36,Server2,1948418,0.559322033898305
Server2_862,-2.5117,53.5599,50,33,18,37,Server2,682762,0.559322033898305
Server2_856,-1.252,51.7279,50,33,31,36,Server2,1375238,0.559322033898305
Server2_738,0.1232,51.4971,50,33,25,39,Server2,3971085,0.559322033898305
Server2_842,-1.9453,51.7234,50,33,37,25,Server2,1120010,0.559322033898305
Server2_835,-1.1892,52.383,50,33,25,26,Server2,4748306,0.559322033898305
Server2_778,-1.5047,52.9286,50,33,27,39,Server2,3778574,0.559322033898305
Server2_786,-2.0836,52.6473,50,33,26,25,Server2,13166594,0.559322033898305
Server2_105,0.164,51.4913,50,33,31,42,Server2,8211463,0.559322033898305
Server2_73,-0.9566,51.9198,50,33,29,29,Server2,14132,0.559322033898305
Server2_376,-1.492,52.4615,50,33,22,41,Server2,2843137,0.559322033898305
Server2_276,-0.9275,52.2047,50,33,15,40,Server2,2304519,0.559322033898305
Server2_295,-1.2437,54.55,50,33,31,39,Server2,21538,0.559322033898305
Server2_337,-0.1292,51.5333,50,33,17,46,Server2,4178444,0.559322033898305
Server2_315,-2.1348,53.3568,50,33,35,43,Server2,3254558,0.559322033898305
Server2_296,-0.0035,51.661,50,33,31,29,Server2,3221004,0.559322033898305
Server2_445,-1.594,52.4681,50,33,16,25,Server2,3932171,0.559322033898305
Server2_588,0.0779,52.1986,50,33,24,37,Server2,323330,0.559322033898305
Server2_292,-1.1781,52.2528,50,33,27,35,Server2,911110,0.559322033898305
Server2_408,-2.4592,51.4058,50,33,32,44,Server2,19209840,0.559322033898305
Server2_286,-1.6173,54.9681,50,33,32,39,Server2,15544,0.559322033898305
Server2_764,0.2538,51.4811,50,32,31,40,Server2,128092526,0.5423728813559322
Server2_8,-0.2594,52.5128,50,32,27,22,Server2,136743024,0.5423728813559322
Server2_985,-3.2799,51.3981,50,32,28,39,Server2,7931141,0.5423728813559322
Server2_300,-1.3534,53.92,50,32,35,36,Server2,1345281,0.5423728813559322
Server2_476,-2.3942,53.4813,50,32,26,39,Server2,1772873,0.5423728813559322
Server2_500,-0.1335,51.5128,50,32,27,39,Server2,2606867,0.5423728813559322
Server2_942,-1.5136,50.9461,50,32,27,41,Server2,8154880,0.5423728813559322
Server2_313,-1.4246,53.3952,50,32,29,25,Server2,5713682,0.5423728813559322
Server2_757,-2.1161,53.272,50,32,26,39,Server2,3180801,0.5423728813559322
Server2_251,-2.2288,53.4766,50,32,27,40,Server2,59356797,0.5423728813559322
Server2_731,0.0304,51.4643,50,32,35,25,Server2,3837186,0.5423728813559322
Server2_776,-2.6108,53.5388,50,32,26,37,Server2,3861276,0.5423728813559322
Server2_74,-1.2146,51.4623,50,32,20,43,Server2,2741255,0.5423728813559322
Server2_314,-1.8784,52.4485,50,32,17,27,Server2,153415,0.5423728813559322
Server2_772,-1.2576,52.9992,50,32,19,30,Server2,3315980,0.5423728813559322
Server2_611,-0.0068,51.4737,50,32,34,24,Server2,120576,0.5423728813559322
Server2_697,-0.6761,51.4062,50,32,31,30,Server2,13912905,0.5423728813559322
Server2_860,-2.2657,52.3691,50,32,24,30,Server2,4699394,0.5423728813559322
Server2_361,-2.9743,53.4219,50,32,34,29,Server2,13401350,0.5423728813559322
Server2_280,-1.317,51.6451,50,32,27,26,Server2,7062273,0.5423728813559322
Server2_600,-2.5752,52.6925,50,32,28,37,Server2,3197696,0.5423728813559322
Server2_910,0.36,51.4755,50,31,32,24,Server2,134494082,0.5254237288135594
Server2_911,-1.1358,51.5879,50,31,19,20,Server2,1621514,0.5254237288135594
Server2_309,-2.8268,53.8045,50,31,24,37,Server2,4064534,0.5254237288135594
Server2_367,-0.1044,51.5171,50,31,34,29,Server2,232488975,0.5254237288135594
Server2_978,-2.6918,53.6363,50,31,32,35,Server2,30189702,0.5254237288135594
Server2_221,0.2141,51.6052,50,31,15,41,Server2,3412774,0.5254237288135594
Server2_68,-1.7455,52.7275,50,31,35,37,Server2,8375822,0.5254237288135594
Server2_668,-0.2068,51.4966,50,31,16,45,Server2,137218162,0.5254237288135594
Server2_101,-1.8403,53.6671,50,31,18,38,Server2,6915091,0.5254237288135594
Server2_984,-2.565,51.5194,50,31,37,39,Server2,12918272,0.5254237288135594
Server2_225,-0.128,51.5035,50,31,24,38,Server2,54290,0.5254237288135594
Server2_673,-0.5002,51.6459,50,31,24,27,Server2,3227928,0.5254237288135594
Server2_170,-2.2525,53.0273,50,31,27,26,Server2,50062,0.5254237288135594
Server2_572,-0.1274,51.4374,50,31,29,46,Server2,3123974,0.5254237288135594
Server2_181,-0.1464,51.4945,50,31,30,41,Server2,133570173,0.5254237288135594
Server2_591,-0.3747,51.88,50,31,23,45,Server2,10711042,0.5254237288135594
Server2_493,-1.4618,53.3781,50,31,31,22,Server2,25334,0.5254237288135594
Server2_38,-0.1018,51.4681,50,31,25,23,Server2,25844354,0.5254237288135594
Server2_921,-0.9144,52.1502,50,31,36,30,Server2,129714296,0.5254237288135594
Server2_52,-1.4292,52.8618,50,31,21,31,Server2,133544046,0.5254237288135594
Server2_915,-0.3414,51.3199,50,31,25,34,Server2,14880,0.5254237288135594
Server2_353,-1.4273,53.9052,50,31,26,38,Server2,4569,0.5254237288135594
Server2_732,-1.4142,52.3678,50,31,37,32,Server2,8398343,0.5254237288135594
Server2_162,-2.8146,53.9928,50,31,23,40,Server2,4603682,0.5254237288135594
Server2_962,-2.3858,53.5482,50,31,36,22,Server2,3662598,0.5254237288135594
Server2_583,-2.9043,51.4248,50,31,25,34,Server2,54731,0.5254237288135594
Server2_933,-5.3108,50.086,50,31,32,38,Server2,12390939,0.5254237288135594
Server2_969,0.4677,52.3576,50,31,16,24,Server2,130876953,0.5254237288135594
Server2_277,0.054,51.4926,50,30,24,31,Server2,566344,0.5084745762711864
Server2_150,-1.2979,53.1119,50,30,16,47,Server2,131339384,0.5084745762711864
Server2_113,-2.1347,53.3263,50,30,17,39,Server2,20808,0.5084745762711864
Server2_517,-2.8858,53.1861,50,30,28,26,Server2,1469277,0.5084745762711864
Server2_324,-2.3038,53.4813,50,30,31,38,Server2,4593190,0.5084745762711864
Server2_177,-0.9947,51.9954,50,30,36,44,Server2,13242,0.5084745762711864
Server2_838,-1.2619,52.6613,50,30,28,36,Server2,131477514,0.5084745762711864
Server2_204,0.1126,51.5055,50,30,23,21,Server2,429572101,0.5084745762711864
Server2_973,-0.7292,51.6454,50,30,15,26,Server2,6882048,0.5084745762711864
Server2_916,-1.4577,52.7426,50,30,35,39,Server2,523265,0.5084745762711864
Server2_671,-1.9332,52.1094,50,30,15,34,Server2,13716638,0.5084745762711864
Server2_30,-0.4151,51.308,50,30,36,26,Server2,24806,0.5084745762711864
Server2_627,-1.9187,52.6373,50,30,20,32,Server2,1196656,0.5084745762711864
Server2_529,-0.1519,51.5144,50,30,19,26,Server2,129596541,0.5084745762711864
Server2_931,-0.428,51.758,50,30,27,43,Server2,497991,0.5084745762711864
Server2_307,-1.2293,53.1047,50,30,15,36,Server2,8830209,0.5084745762711864
Server2_869,-0.1145,51.3942,50,30,32,32,Server2,2829074,0.5084745762711864
Server2_788,-2.129,51.4811,50,30,34,33,Server2,1070858,0.5084745762711864
Server2_237,-1.4615,51.199,50,30,17,34,Server2,258639992,0.5084745762711864
Server2_792,-0.1197,51.5151,50,30,15,32,Server2,4565272,0.5084745762711864
Server2_596,0.0045,51.5016,50,30,18,43,Server2,139514258,0.5084745762711864
Server2_893,-0.2388,52.0927,50,29,24,31,Server2,13142344,0.4915254237288136
Server2_589,-0.1861,51.8619,50,29,31,23,Server2,2728450,0.4915254237288136
Server2_419,-0.4777,52.7241,50,29,15,43,Server2,133770772,0.4915254237288136
Server2_544,-1.5349,52.7033,50,29,31,38,Server2,7541506,0.4915254237288136
Server2_331,-1.279,54.5368,50,29,18,38,Server2,28599,0.4915254237288136
Server2_128,-0.6103,51.4777,50,29,30,33,Server2,8122,0.4915254237288136
Server2_618,0.1159,51.5307,50,29,17,32,Server2,128063367,0.4915254237288136
Server2_278,-2.5191,53.6178,50,29,31,45,Server2,7924998,0.4915254237288136
Server2_451,-0.1148,51.5037,50,29,18,20,Server2,673300,0.4915254237288136
Server2_739,-0.45,52.1415,50,29,17,41,Server2,508416,0.4915254237288136
Server2_938,-0.0875,51.6035,50,29,31,41,Server2,2243858,0.4915254237288136
Server2_262,-1.89,50.7828,50,29,28,35,Server2,6708480,0.4915254237288136
Server2_858,-0.4324,53.6221,50,29,24,25,Server2,135502366,0.4915254237288136
Server2_774,-0.9602,52.3362,50,29,26,40,Server2,2379528,0.4915254237288136
Server2_509,-2.7274,52.1453,50,29,31,35,Server2,2345090,0.4915254237288136
Server2_920,-2.3156,52.9979,50,28,36,21,Server2,27414,0.4745762711864407
Server2_143,-0.1738,51.4969,50,28,31,46,Server2,16023,0.4745762711864407
Server2_766,-0.1347,51.4725,50,28,28,28,Server2,2652675,0.4745762711864407
Server2_265,-1.186,52.946,50,28,19,32,Server2,3242752,0.4745762711864407
Server2_396,0.1455,51.4484,50,28,29,25,Server2,13299713,0.4745762711864407
Server2_841,-0.4445,51.3888,50,28,26,45,Server2,135051389,0.4745762711864407
Server2_448,-0.5322,51.5584,50,28,19,42,Server2,137465476,0.4745762711864407
Server2_824,-2.7847,54.0555,50,28,18,27,Server2,29600368,0.4745762711864407
Server2_459,-1.2284,50.5904,50,28,36,32,Server2,49883394,0.4745762711864407
Server2_83,-2.2414,53.483,50,28,33,30,Server2,139497092,0.4745762711864407
Server2_43,-0.4107,51.4601,50,28,30,42,Server2,139367294,0.4745762711864407
Server2_232,-3.5329,50.7253,50,28,28,26,Server2,4002308,0.4745762711864407
Server2_165,-0.2205,51.412,50,28,36,25,Server2,754462,0.4745762711864407
Server2_405,-2.1532,52.9927,50,28,35,23,Server2,2058589,0.4745762711864407
Server2_951,-0.1114,51.4803,50,27,24,32,Server2,3048450,0.4576271186440678
Server2_172,-1.4605,53.3977,50,27,33,34,Server2,2412801,0.4576271186440678
Server2_734,-1.498,52.3775,50,27,36,27,Server2,134165027,0.4576271186440678
Server2_836,-1.133,51.5248,50,27,26,44,Server2,1783815,0.4576271186440678
Server2_472,-1.0917,50.8136,50,27,30,47,Server2,17634,0.4576271186440678
Server2_319,-0.455,51.4961,50,27,28,21,Server2,2235668,0.4576271186440678
Server2_542,-4.0371,53.1486,50,27,20,24,Server2,14417,0.4576271186440678
Server2_279,-0.2557,52.5838,50,27,20,34,Server2,129446176,0.4576271186440678
Server2_438,-0.9882,51.4554,50,27,33,30,Server2,4369665,0.4576271186440678
Server2_609,-0.06,51.5244,50,27,17,43,Server2,134293638,0.4576271186440678
Server2_878,-2.1384,52.8231,50,27,30,31,Server2,13518338,0.4576271186440678
Server2_622,0.2316,51.4995,50,27,22,22,Server2,128051576,0.4576271186440678
Server2_629,-2.7678,54.058,50,27,26,28,Server2,4849678,0.4576271186440678
Server2_873,-0.6712,51.5237,50,27,23,24,Server2,2523670,0.4576271186440678
Server2_777,-2.7763,51.5814,50,27,23,25,Server2,1958520,0.4576271186440678
Server2_896,-0.0888,51.5109,50,27,18,28,Server2,124160,0.4576271186440678
Server2_222,-1.8411,52.3494,50,27,27,21,Server2,14202,0.4576271186440678
Server2_983,-1.0302,53.9401,50,27,17,36,Server2,130530948,0.4576271186440678
Server2_866,-2.5666,51.5241,50,27,15,22,Server2,358216,0.4576271186440678
Server2_298,-1.2841,53.3268,50,27,28,32,Server2,130824816,0.4576271186440678
Server2_139,-3.177,51.4762,50,27,24,34,Server2,881786,0.4576271186440678
Server2_560,-3.3339,55.9737,50,27,26,33,Server2,2089222,0.4576271186440678
Server2_663,-1.2336,50.6663,50,27,16,41,Server2,2376734,0.4576271186440678
Server2_108,-0.2285,51.5886,50,27,33,25,Server2,163144,0.4576271186440678
Server2_375,-0.5032,51.4838,50,27,20,23,Server2,5777930,0.4576271186440678
Server2_940,-2.3751,51.6903,50,27,36,43,Server2,1391372,0.4576271186440678
Server2_147,-2.9806,51.1596,50,26,32,23,Server2,60199,0.4406779661016949
Server2_750,-3.0418,56.4694,50,26,18,23,Server2,57861,0.4406779661016949
Server2_149,-0.1692,51.5123,50,26,27,47,Server2,133610118,0.4406779661016949
Server2_789,-0.6795,51.9207,50,26,26,29,Server2,26276,0.4406779661016949
Server2_520,-3.1947,55.9519,50,26,26,41,Server2,877826,0.4406779661016949
Server2_728,-4.4368,55.8541,50,26,18,45,Server2,7380481,0.4406779661016949
Server2_28,-3.238,55.9653,50,26,20,31,Server2,12852295,0.4406779661016949
Server2_71,-0.1451,51.5154,50,26,20,23,Server2,2813185,0.4406779661016949
Server2_4,-1.8072,53.6793,50,26,32,34,Server2,129564292,0.4406779661016949
Server2_244,-1.1815,53.5187,50,26,25,45,Server2,33052,0.4406779661016949
Server2_243,-0.9712,51.4519,50,26,23,33,Server2,65865,0.4406779661016949
Server2_247,-1.9867,50.7133,50,26,28,20,Server2,8701187,0.4406779661016949
Server2_582,-1.4882,52.4123,50,26,17,29,Server2,3616523,0.4406779661016949
Server2_373,-0.8976,52.1874,50,26,19,38,Server2,23862,0.4406779661016949
Server2_226,0.2671,51.4827,50,26,30,31,Server2,15235,0.4406779661016949
Server2_566,-3.1628,51.4527,50,26,34,21,Server2,5448214,0.4406779661016949
Server2_199,-3.2537,52.0268,50,26,29,32,Server2,2553198,0.4406779661016949
Server2_194,-5.8969,54.5792,50,26,22,39,Server2,3622747,0.4406779661016949
Server2_350,-1.7889,52.8783,50,26,18,45,Server2,13245787,0.4406779661016949
Server2_32,-0.074,51.5052,50,26,18,35,Server2,82964,0.4406779661016949
Server2_168,-1.4243,51.6183,50,26,26,24,Server2,956426,0.4406779661016949
Server2_175,-0.6546,51.5238,50,26,33,31,Server2,153669920,0.4406779661016949
Server2_97,-1.6069,54.9775,50,25,37,22,Server2,25636,0.423728813559322
Server2_690,-1.4926,51.4565,50,25,20,42,Server2,1361438,0.423728813559322
Server2_987,-2.3582,53.38,50,25,18,27,Server2,49846309,0.423728813559322
Server2_843,-1.9945,52.574,50,25,15,22,Server2,903497,0.423728813559322
Server2_420,-1.2132,52.7703,50,25,23,32,Server2,131127818,0.423728813559322
Server2_327,-2.6818,51.4979,50,25,32,23,Server2,3225364,0.423728813559322
Server2_391,-6.322,54.2792,50,25,24,45,Server2,1354333,0.423728813559322
Server2_994,-3.9586,51.619,50,25,20,21,Server2,13704,0.423728813559322
Server2_269,-0.0927,51.6157,50,25,28,46,Server2,128206984,0.423728813559322
Server2_424,-3.6596,57.4796,50,25,35,38,Server2,6728,0.423728813559322
Server2_715,0.1644,51.8715,50,25,36,24,Server2,130860654,0.423728813559322
Server2_908,-1.8746,52.4784,50,25,23,39,Server2,144422,0.423728813559322
Server2_412,-0.1793,51.4952,50,25,36,32,Server2,5926511,0.423728813559322
Server2_54,-1.3374,51.6214,50,25,15,32,Server2,2735366,0.423728813559322
Server2_477,-1.0169,51.4217,50,25,26,38,Server2,3345666,0.423728813559322
Server2_450,-0.1961,52.3189,50,25,31,31,Server2,43229,0.423728813559322
Server2_807,-1.6234,53.6768,50,25,29,43,Server2,59330836,0.423728813559322
Server2_25,-1.3421,53.3973,50,25,18,28,Server2,3309826,0.423728813559322
Server2_549,-2.3193,53.4883,50,25,20,35,Server2,4747794,0.423728813559322
Server2_828,-0.0938,51.5957,50,25,20,20,Server2,2253086,0.423728813559322
Server2_821,-1.9266,52.6685,50,25,26,39,Server2,3189772,0.423728813559322
Server2_193,-0.1369,51.5392,50,25,29,41,Server2,9812967441,0.423728813559322
Server2_762,-0.0745,51.7955,50,25,31,20,Server2,6801927,0.423728813559322
Server2_683,-0.0944,51.4817,50,25,16,37,Server2,5710358,0.423728813559322
Server2_458,0.0324,51.5022,50,25,24,45,Server2,2665984,0.423728813559322
Server2_312,-3.9418,56.1289,50,25,24,47,Server2,8239874,0.423728813559322
Server2_212,-1.9944,51.3528,50,25,35,46,Server2,4783361,0.423728813559322
Server2_687,-2.0734,52.3497,50,25,19,33,Server2,31655,0.423728813559322
Server2_126,-1.138,53.5199,50,25,37,44,Server2,1772033,0.423728813559322
Server2_293,0.2769,50.7633,50,24,20,35,Server2,133944952,0.4067796610169492
Server2_320,-1.1854,51.3961,50,24,19,30,Server2,475166,0.4067796610169492
Server2_681,-1.4843,53.0433,50,24,36,47,Server2,43391734,0.4067796610169492
Server2_5,-1.7714,52.573,50,24,15,39,Server2,5385250,0.4067796610169492
Server2_7,-1.557,53.6921,50,24,19,23,Server2,6894595,0.4067796610169492
Server2_977,-1.458,51.682,50,24,18,37,Server2,134050324,0.4067796610169492
Server2_180,-1.4832,53.2437,50,24,20,33,Server2,6653186,0.4067796610169492
Server2_553,-0.198,51.5206,50,24,21,46,Server2,138857843,0.4067796610169492
Server2_261,-2.1349,52.8376,50,24,29,38,Server2,3898112,0.4067796610169492
Server2_124,-0.476,51.4855,50,24,16,46,Server2,118685711,0.4067796610169492
Server2_122,-0.9783,51.4552,50,24,19,32,Server2,8171521,0.4067796610169492
Server2_218,-1.1304,51.2448,50,24,27,35,Server2,2635036,0.4067796610169492
Server2_859,-2.7165,52.06,50,24,23,29,Server2,46681743,0.4067796610169492
Server2_650,-3.066,52.7503,50,24,16,36,Server2,2338936,0.4067796610169492
Server2_216,0.1716,51.1105,50,24,16,33,Server2,5507328,0.4067796610169492
Server2_463,-1.5513,52.3918,50,24,30,21,Server2,6744596,0.4067796610169492
Server2_880,0.1239,51.4754,50,23,25,22,Server2,3413012,0.3898305084745763
Server2_884,-5.8713,54.6151,50,23,17,33,Server2,16905,0.3898305084745763
Server2_86,-0.1416,51.5418,50,23,21,42,Server2,9018146832,0.3898305084745763
Server2_88,-0.4313,51.6058,50,23,30,41,Server2,1313287,0.3898305084745763
Server2_127,-1.2566,50.5844,50,23,21,41,Server2,2790663,0.3898305084745763
Server2_142,-0.0748,51.4872,50,23,31,46,Server2,36765721,0.3898305084745763
Server2_530,-0.5856,53.2387,50,23,26,36,Server2,11473801,0.3898305084745763
Server2_502,-4.0604,57.3856,50,23,35,34,Server2,3285,0.3898305084745763
Server2_227,-4.7693,50.3409,50,23,34,44,Server2,2280226,0.3898305084745763
Server2_953,0.3076,51.3135,50,23,22,21,Server2,5708,0.3898305084745763
Server2_980,-2.3413,53.0858,50,23,26,25,Server2,4153089,0.3898305084745763
Server2_351,0.0051,51.5194,50,22,35,38,Server2,8110095,0.3728813559322034
Server2_827,1.313,51.1193,50,22,26,21,Server2,37420,0.3728813559322034
Server2_81,-1.3319,52.0569,50,22,16,34,Server2,131003512,0.3728813559322034
Server2_719,-3.9094,51.1146,50,22,32,21,Server2,646942,0.3728813559322034
Server2_281,0.1891,52.1605,50,22,24,31,Server2,8485377,0.3728813559322034
Server2_541,-0.0773,51.5253,50,22,16,20,Server2,1556505,0.3728813559322034
Server2_960,-0.6283,51.5057,50,22,24,35,Server2,130448007,0.3728813559322034
Server2_371,-1.9271,52.6754,50,22,21,46,Server2,4127768,0.3728813559322034
Server2_525,-0.1891,51.4572,50,22,25,42,Server2,8560905,0.3728813559322034
Server2_696,-3.5198,50.4622,50,22,19,25,Server2,4459030,0.3728813559322034
Server2_848,-3.4448,50.6045,50,22,30,42,Server2,4190744,0.3728813559322034
Server2_264,-0.1254,51.5332,50,22,24,27,Server2,2775314,0.3728813559322034
Server2_679,-1.304,54.6335,50,22,26,40,Server2,36521,0.3728813559322034
Server2_864,-0.4112,51.7852,50,22,18,26,Server2,13180764,0.3728813559322034
Server2_901,-2.6844,53.6929,50,22,25,38,Server2,7004164,0.3728813559322034
Server2_975,-0.4998,51.4372,50,22,36,43,Server2,1801996,0.3728813559322034
Server2_899,-1.7222,52.5428,50,22,19,40,Server2,5994018,0.3728813559322034
Server2_432,0.2912,50.7665,50,22,29,21,Server2,133944942,0.3728813559322034
Server2_532,-1.2452,54.5753,50,22,19,29,Server2,13638,0.3728813559322034
Server2_944,-0.0863,51.5053,50,22,21,37,Server2,138314372,0.3728813559322034
Server2_755,-2.9699,53.4419,50,22,16,37,Server2,62300625,0.3728813559322034
Server2_510,-0.2121,51.473,50,22,29,44,Server2,2778132,0.3728813559322034
Server2_917,-0.0451,51.5102,50,22,16,39,Server2,137161599,0.3728813559322034
Server2_44,-0.0934,51.545,50,22,34,28,Server2,134043271,0.3728813559322034
Server2_109,-4.1446,50.3347,50,22,26,35,Server2,27566,0.3728813559322034
Server2_385,-1.1546,51.2618,50,22,22,23,Server2,1766918,0.3728813559322034
Server2_441,-1.131,52.3142,50,22,24,32,Server2,5413379,0.3728813559322034
Server2_930,-0.2069,51.5335,50,22,26,42,Server2,834373,0.3728813559322034
Server2_291,-0.2203,52.2909,50,22,17,25,Server2,4136197,0.3728813559322034
Server2_308,-0.7099,51.9643,50,21,32,26,Server2,5664532,0.3559322033898305
Server2_397,-1.0244,52.915,50,21,23,44,Server2,2809949,0.3559322033898305
Server2_576,-6.5802,57.4777,50,21,30,23,Server2,5992449,0.3559322033898305
Server2_137,0.249,51.4639,50,21,28,35,Server2,2630921,0.3559322033898305
Server2_773,-1.2892,51.5814,50,21,15,30,Server2,9276,0.3559322033898305
Server2_403,-0.9783,51.4552,50,21,31,24,Server2,5854758,0.3559322033898305
Server2_633,-4.0947,50.7318,50,21,21,21,Server2,23900,0.3559322033898305
Server2_414,-0.1231,51.4451,50,21,35,36,Server2,1189132,0.3559322033898305
Server2_333,-1.221,52.6388,50,21,30,36,Server2,136100989,0.3559322033898305
Server2_965,-1.1223,52.3277,50,21,27,26,Server2,5631252,0.3559322033898305
Server2_615,-0.5803,50.817,50,21,29,46,Server2,153620758,0.3559322033898305
Server2_20,-1.7326,53.7651,50,21,15,41,Server2,12720456,0.3559322033898305
Server2_844,-3.0294,56.4709,50,21,26,39,Server2,61172951,0.3559322033898305
Server2_112,-0.072,51.4263,50,21,20,44,Server2,5441820,0.3559322033898305
Server2_845,-0.0201,51.5128,50,21,23,29,Server2,10621187,0.3559322033898305
Server2_607,-3.4334,51.7551,50,21,22,27,Server2,1566722,0.3559322033898305
Server2_464,-5.9331,54.5936,50,21,15,41,Server2,62274004,0.3559322033898305
Server2_487,-1.9879,51.7188,50,21,17,32,Server2,2303234,0.3559322033898305
Server2_993,-2.9732,53.4182,50,21,21,36,Server2,1645056,0.3559322033898305
Server2_839,-1.1825,52.4059,50,21,16,23,Server2,133506575,0.3559322033898305
Server2_709,-0.7205,51.2308,50,21,32,20,Server2,3129364,0.3559322033898305
Server2_60,-5.9204,54.6141,50,21,18,44,Server2,1639169,0.3559322033898305
Server2_144,-1.0042,51.4529,50,21,33,31,Server2,240,0.3559322033898305
Server2_644,-1.3489,51.4557,50,21,18,29,Server2,5421829,0.3559322033898305
Server2_881,-0.2423,53.3286,50,21,22,46,Server2,11529024,0.3559322033898305
Server2_883,-1.8963,52.4547,50,21,18,22,Server2,8454163,0.3559322033898305
Server2_744,0.2658,51.4736,50,21,25,31,Server2,15237,0.3559322033898305
Server2_437,-0.2841,51.5659,50,21,33,32,Server2,1480734,0.3559322033898305
Server2_796,-0.1617,51.2027,50,20,20,24,Server2,901898,0.3389830508474576
Server2_625,-2.3003,51.786,50,20,23,35,Server2,2363398,0.3389830508474576
Server2_991,-3.2768,54.5366,50,20,17,31,Server2,2673940,0.3389830508474576
Server2_82,0.0373,51.4589,50,20,37,31,Server2,3936262,0.3389830508474576
Server2_605,-0.6172,51.5239,50,20,31,31,Server2,131209086,0.3389830508474576
Server2_889,-2.6023,54.404,50,20,15,26,Server2,1854584,0.3389830508474576
Server2_236,-1.1081,51.3343,50,20,19,40,Server2,8609898,0.3389830508474576
Server2_439,-0.1951,51.46,50,20,37,32,Server2,2245660,0.3389830508474576
Server2_394,-0.4831,51.3399,50,20,17,38,Server2,136536696,0.3389830508474576
Server2_904,-3.5165,50.4791,50,20,33,41,Server2,1760012,0.3389830508474576
Server2_782,-0.9482,51.8518,50,20,34,32,Server2,13073922,0.3389830508474576
Server2_514,-1.7443,54.3358,50,20,24,32,Server2,36247,0.3389830508474576
Server2_826,0.474,52.7855,50,20,20,41,Server2,40181,0.3389830508474576
Server2_725,-2.9906,53.4079,50,20,34,28,Server2,334082,0.3389830508474576
Server2_723,-0.4596,51.8865,50,20,23,47,Server2,133731862,0.3389830508474576
Server2_658,-0.1834,51.5188,50,20,27,31,Server2,4192024,0.3389830508474576
Server2_954,-3.0396,53.3897,50,20,27,30,Server2,1123614,0.3389830508474576
Server2_184,0.2578,50.7701,50,20,21,38,Server2,30733,0.3389830508474576
Server2_852,-2.2604,57.1753,50,20,18,22,Server2,15323,0.3389830508474576
Server2_552,-0.1887,51.852,50,20,33,20,Server2,8362497,0.3389830508474576
Server2_201,-0.3288,51.5894,50,20,19,44,Server2,41418777,0.3389830508474576
Server2_406,-0.4116,52.1314,50,19,21,40,Server2,3486209,0.3220338983050847
Server2_967,-4.0961,50.4979,50,19,29,43,Server2,2333826,0.3220338983050847
Server2_895,-2.3569,53.5619,50,19,27,21,Server2,29605486,0.3220338983050847
Server2_57,-0.6132,51.6926,50,19,29,38,Server2,21027,0.3220338983050847
Server2_919,-1.9701,51.7174,50,19,34,28,Server2,10306378,0.3220338983050847
Server2_24,-1.289,53.1361,50,19,35,42,Server2,8771584,0.3220338983050847
Server2_374,-0.1949,51.481,50,19,33,40,Server2,17940,0.3220338983050847
Server2_961,-3.0939,53.3698,50,19,17,26,Server2,206704,0.3220338983050847
Server2_691,-0.1048,51.5072,50,19,22,39,Server2,1475395584,0.3220338983050847
Server2_642,0.9559,51.9436,50,19,19,46,Server2,133265016,0.3220338983050847
Server2_840,0.8175,52.8116,50,19,29,47,Server2,4608001,0.3220338983050847
Server2_801,-1.5299,54.7011,50,19,25,41,Server2,8390670,0.3220338983050847
Server2_798,-2.6992,52.0497,50,19,33,44,Server2,12522,0.3220338983050847
Server2_223,-2.5806,51.4494,50,19,35,47,Server2,1053986,0.3220338983050847
Server2_791,0.3248,51.4456,50,19,28,28,Server2,5231118,0.3220338983050847
Server2_481,-1.4613,53.379,50,19,18,27,Server2,7076353,0.3220338983050847
Server2_475,-0.1184,51.5083,50,19,33,28,Server2,2602771,0.3220338983050847
Server2_317,-2.7539,54.0758,50,19,33,38,Server2,15242,0.3220338983050847
Server2_675,-1.3054,53.2603,50,19,32,42,Server2,13912085,0.3220338983050847
Server2_710,-3.959,55.9719,50,19,23,20,Server2,1391640,0.3220338983050847
Server2_499,-0.3969,51.5205,50,19,24,35,Server2,7217172,0.3220338983050847
Server2_233,-0.442,51.4397,50,19,36,28,Server2,1662208,0.3220338983050847
Server2_785,-2.1369,53.4042,50,19,21,21,Server2,3918604,0.3220338983050847
Server2_179,-1.7441,52.4063,50,19,20,22,Server2,6700050,0.3220338983050847
Server2_783,-1.4624,53.3783,50,19,35,22,Server2,62468433,0.3220338983050847
Server2_508,-1.3197,52.1154,50,19,20,41,Server2,12692,0.3220338983050847
Server2_527,-1.18,51.1696,50,18,24,44,Server2,2611719,0.3050847457627119
Server2_37,-1.8593,52.3519,50,18,18,41,Server2,7115266,0.3050847457627119
Server2_535,-0.206,52.2998,50,18,35,23,Server2,4143364,0.3050847457627119
Server2_780,-0.5144,51.4626,50,18,31,45,Server2,3536130,0.3050847457627119
Server2_655,-2.1594,52.4441,50,18,24,37,Server2,3845122,0.3050847457627119
Server2_937,-0.7956,51.6132,50,18,18,34,Server2,133513241,0.3050847457627119
Server2_793,-0.8377,52.1321,50,18,30,38,Server2,40219,0.3050847457627119
Server2_140,0.4146,51.5194,50,18,30,21,Server2,130762370,0.3050847457627119
Server2_125,-0.2579,51.5222,50,18,32,30,Server2,131174793,0.3050847457627119
Server2_947,-1.8844,52.501,50,18,22,27,Server2,37548,0.3050847457627119
Server2_569,-2.2978,53.466,50,18,24,39,Server2,219672,0.3050847457627119
Server2_339,-2.4581,50.6203,50,18,30,20,Server2,19253715,0.3050847457627119
Server2_447,-2.1761,53.2195,50,18,35,36,Server2,29518456,0.3050847457627119
Server2_590,-1.8899,52.4821,50,18,31,26,Server2,20490865,0.3050847457627119
Server2_248,-0.2646,51.9546,50,18,29,30,Server2,130775172,0.3050847457627119
Server2_465,-2.9964,54.4504,50,18,28,34,Server2,30618478,0.3050847457627119
Server2_92,-3.2683,56.0591,50,18,22,43,Server2,128308600,0.3050847457627119
Server2_169,-1.6939,50.825,50,18,27,21,Server2,5028108,0.3050847457627119
Server2_431,-4.0373,55.8096,50,18,31,29,Server2,2287368,0.3050847457627119
Server2_817,-1.3268,53.1127,50,18,24,38,Server2,844294,0.3050847457627119
Server2_488,-0.0823,51.4613,50,18,29,26,Server2,3685906,0.3050847457627119
Server2_562,-2.3391,53.4646,50,18,33,22,Server2,373266,0.3050847457627119
Server2_730,-0.3756,51.8795,50,17,15,42,Server2,139844532,0.288135593220339
Server2_401,-6.6137,57.4295,50,17,28,24,Server2,15156966,0.288135593220339
Server2_288,-1.1799,52.9776,50,17,33,31,Server2,128280355,0.288135593220339
Server2_284,-0.1572,51.5206,50,17,18,29,Server2,2577409,0.288135593220339
Server2_699,-1.2707,51.754,50,17,27,42,Server2,129337983,0.288135593220339
Server2_332,-3.1662,51.4568,50,17,32,24,Server2,4864532,0.288135593220339
Server2_694,-1.0517,51.2772,50,17,32,32,Server2,13133057,0.288135593220339
Server2_203,-0.1098,51.5187,50,17,31,38,Server2,11059201,0.288135593220339
Server2_410,-0.7502,52.089,50,17,25,40,Server2,7161344,0.288135593220339
Server2_186,-1.3115,54.6163,50,17,19,44,Server2,15531,0.288135593220339
Server2_185,-0.4504,51.902,50,17,19,47,Server2,3048264,0.288135593220339
Server2_219,-1.1289,51.4597,50,17,25,27,Server2,3468044,0.288135593220339
Server2_146,-1.7988,52.6389,50,17,22,45,Server2,719880,0.288135593220339
Server2_505,-2.1499,51.9133,50,17,29,32,Server2,1906978,0.288135593220339
Server2_886,0.2684,51.4484,50,17,29,35,Server2,3612958,0.288135593220339
Server2_546,-2.2507,53.4839,50,17,26,33,Server2,667650,0.288135593220339
Server2_356,0.0906,51.7652,50,17,35,43,Server2,137200921,0.288135593220339
Server2_130,-3.0367,56.4749,50,17,33,38,Server2,61174809,0.288135593220339
Server2_129,-4.5977,50.71,50,17,21,37,Server2,1921902,0.288135593220339
Server2_148,-3.6529,51.2174,50,17,25,35,Server2,3728662,0.288135593220339
Server2_809,-4.1102,51.2094,50,17,35,23,Server2,2327820,0.288135593220339
Server2_570,-0.799,52.4119,50,17,28,29,Server2,52397,0.288135593220339
Server2_234,-2.8748,53.2583,50,17,33,36,Server2,55968,0.288135593220339
Server2_252,-2.9952,53.0706,50,17,34,37,Server2,5666816,0.288135593220339
Server2_250,-2.4407,53.3212,50,16,17,33,Server2,3852044,0.2711864406779661
Server2_684,-1.8013,52.5087,50,16,31,20,Server2,37998,0.2711864406779661
Server2_612,0.1903,52.0429,50,16,32,22,Server2,58667,0.2711864406779661
Server2_215,-0.5932,52.8463,50,16,24,38,Server2,133267466,0.2711864406779661
Server2_682,-1.2104,51.4612,50,16,30,45,Server2,492574,0.2711864406779661
Server2_635,-6.1118,54.4461,50,16,35,46,Server2,3106141,0.2711864406779661
Server2_271,-1.2341,52.9906,50,16,15,21,Server2,3168770,0.2711864406779661
Server2_648,-1.7659,52.3943,50,16,33,24,Server2,138793070,0.2711864406779661
Server2_651,-1.6338,51.8054,50,16,28,43,Server2,468490,0.2711864406779661
Server2_647,-0.7379,52.0117,50,16,37,37,Server2,3410964,0.2711864406779661
Server2_892,0.0153,51.5048,50,16,23,28,Server2,403982,0.2711864406779661
Server2_489,-3.9719,55.9665,50,16,32,40,Server2,1776152,0.2711864406779661
Server2_131,-2.386,53.5501,50,16,23,34,Server2,294146,0.2711864406779661
Server2_87,-2.5865,53.4576,50,16,17,26,Server2,1880393,0.2711864406779661
Server2_900,-0.1509,51.5215,50,16,35,28,Server2,128628083,0.2711864406779661
Server2_905,-0.3914,51.6289,50,16,35,33,Server2,26837,0.2711864406779661
Server2_907,-0.1835,51.5179,50,16,20,39,Server2,20535820,0.2711864406779661
Server2_345,-0.0917,51.507,50,16,32,36,Server2,138315379,0.2711864406779661
Server2_29,-0.1379,51.3175,50,16,34,27,Server2,1674278,0.2711864406779661
Server2_810,-0.5063,51.8396,50,16,31,22,Server2,43904366,0.2711864406779661
Server2_48,-1.3041,50.7444,50,16,24,22,Server2,49886400,0.2711864406779661
Server2_592,-0.3007,51.5386,50,16,32,44,Server2,3253504,0.2711864406779661
Server2_706,-1.5011,54.5205,50,16,30,34,Server2,6817540,0.2711864406779661
Server2_533,-0.3764,52.6605,50,16,28,31,Server2,43735,0.2711864406779661
Server2_957,-1.9972,52.6672,50,16,17,35,Server2,3797002,0.2711864406779661
Server2_747,-1.7912,52.4542,50,16,32,35,Server2,5843750,0.2711864406779661
Server2_415,1.1113,52.0845,50,15,32,42,Server2,13222914,0.2542372881355932
Server2_90,1.3277,51.1474,50,15,18,37,Server2,23592,0.2542372881355932
Server2_245,-2.9492,53.8466,50,15,17,35,Server2,2020424,0.2542372881355932
Server2_597,-1.2328,54.7105,50,15,27,29,Server2,7876609,0.2542372881355932
Server2_599,-0.1107,51.5042,50,15,26,32,Server2,2744832,0.2542372881355932
Server2_386,-1.4292,50.9106,50,15,30,36,Server2,3590420,0.2542372881355932
Server2_452,-0.7021,51.5211,50,15,15,35,Server2,133377044,0.2542372881355932
Server2_453,-2.7004,53.5635,50,15,30,33,Server2,29444230,0.2542372881355932
Server2_536,-0.3641,51.2345,50,15,17,37,Server2,1091840,0.2542372881355932
Server2_849,-2.5423,53.5558,50,15,35,41,Server2,8579073,0.2542372881355932
Server2_626,0.7325,51.8758,50,15,20,29,Server2,129589278,0.2542372881355932
Server2_717,-0.0348,51.6415,50,15,28,28,Server2,4128546,0.2542372881355932
Server2_471,-0.1764,51.5163,50,15,15,45,Server2,135041410,0.2542372881355932
Server2_205,-0.4037,51.4778,50,15,30,24,Server2,3193352,0.2542372881355932
Server2_270,-0.0221,51.553,50,15,32,41,Server2,129478023,0.2542372881355932
Server2_302,-0.9734,53.9594,50,15,21,41,Server2,1886983,0.2542372881355932
Server2_421,-1.4658,52.5136,50,15,37,35,Server2,130299504,0.2542372881355932
Server2_158,-0.2033,51.5879,50,15,29,43,Server2,130484851,0.2542372881355932
Server2_964,-2.9815,51.0591,50,15,25,31,Server2,5792522,0.2542372881355932
