window,group_id,group_name,W_max_mbps,util_no_contention,util_with_contention,congestion_event,R_ij_degradation,lat_no_ms,lat_with_ms,viol_no,viol_with,q_net_no,q_net_with
0,0,Region-A Backhaul,400.0,0.9396,0.9396,0,1.0,2072.1,2072.1,0.2017,0.2017,0.522,0.522
0,1,Cloud Egress,300.0,0.7785,0.7785,0,1.0,2072.1,2072.1,0.2017,0.2017,0.522,0.522
0,2,Cross-Region WAN,500.0,0.8501,0.8501,0,1.0,2072.1,2072.1,0.2017,0.2017,0.522,0.522
1,0,Region-A Backhaul,400.0,0.9141,0.9141,0,1.0,2097.0,2097.0,0.2194,0.2194,0.59,0.59
1,1,Cloud Egress,300.0,0.9674,0.9674,0,1.0,2097.0,2097.0,0.2194,0.2194,0.59,0.59
1,2,Cross-Region WAN,500.0,0.9408,0.9408,0,1.0,2097.0,2097.0,0.2194,0.2194,0.59,0.59
2,0,Region-A Backhaul,400.0,1.055,1.0,1,0.9478,2112.1,2183.1,0.1598,0.2396,0.75,1.371
2,1,Cloud Egress,300.0,1.0492,1.0,1,0.9531,2112.1,2183.1,0.1598,0.2396,0.75,1.371
2,2,Cross-Region WAN,500.0,1.0731,1.0,1,0.9319,2112.1,2183.1,0.1598,0.2396,0.75,1.371
3,0,Region-A Backhaul,400.0,1.1988,1.0,1,0.8342,2113.2,2261.1,0.1951,0.3616,0.828,2.122
3,1,Cloud Egress,300.0,1.049,1.0,1,0.9533,2113.2,2261.1,0.1951,0.3616,0.828,2.122
3,2,Cross-Region WAN,500.0,1.1221,1.0,1,0.8912,2113.2,2261.1,0.1951,0.3616,0.828,2.122
4,0,Region-A Backhaul,400.0,1.0156,1.0,1,0.9846,2100.7,2156.1,0.1733,0.2355,0.64,1.124
4,1,Cloud Egress,300.0,1.1227,1.0,1,0.8907,2100.7,2156.1,0.1733,0.2355,0.64,1.124
4,2,Cross-Region WAN,500.0,0.826,0.826,0,1.0,2100.7,2156.1,0.1733,0.2355,0.64,1.124
5,0,Region-A Backhaul,400.0,1.0301,1.0,1,0.9708,2127.6,2200.0,0.1762,0.2577,0.688,1.322
5,1,Cloud Egress,300.0,1.1509,1.0,1,0.8689,2127.6,2200.0,0.1762,0.2577,0.688,1.322
5,2,Cross-Region WAN,500.0,0.921,0.921,0,1.0,2127.6,2200.0,0.1762,0.2577,0.688,1.322
6,0,Region-A Backhaul,400.0,1.2477,1.0,1,0.8015,2085.3,2337.6,0.1743,0.4581,0.927,3.135
6,1,Cloud Egress,300.0,1.2379,1.0,1,0.8078,2085.3,2337.6,0.1743,0.4581,0.927,3.135
6,2,Cross-Region WAN,500.0,1.1451,1.0,1,0.8733,2085.3,2337.6,0.1743,0.4581,0.927,3.135
7,0,Region-A Backhaul,400.0,1.1358,1.0,1,0.8804,2108.4,2223.5,0.1694,0.2989,0.762,1.769
7,1,Cloud Egress,300.0,0.9832,0.9832,0,1.0,2108.4,2223.5,0.1694,0.2989,0.762,1.769
7,2,Cross-Region WAN,500.0,1.1519,1.0,1,0.8681,2108.4,2223.5,0.1694,0.2989,0.762,1.769
8,0,Region-A Backhaul,400.0,0.9597,0.9597,0,1.0,2115.0,2173.0,0.1859,0.2512,0.705,1.213
8,1,Cloud Egress,300.0,0.9,0.9,0,1.0,2115.0,2173.0,0.1859,0.2512,0.705,1.213
8,2,Cross-Region WAN,500.0,1.1451,1.0,1,0.8733,2115.0,2173.0,0.1859,0.2512,0.705,1.213
9,0,Region-A Backhaul,400.0,1.0424,1.0,1,0.9593,2124.9,2378.5,0.17,0.4554,0.947,2.845
9,1,Cloud Egress,300.0,0.7832,0.7832,0,1.0,2124.9,2378.5,0.17,0.4554,0.947,2.845
9,2,Cross-Region WAN,500.0,1.45,1.0,1,0.6283,2124.9,2378.5,0.17,0.4554,0.947,2.845
10,0,Region-A Backhaul,400.0,0.8751,0.8751,0,1.0,2129.8,2169.3,0.1899,0.2343,0.566,0.912
10,1,Cloud Egress,300.0,0.5376,0.5376,0,1.0,2129.8,2169.3,0.1899,0.2343,0.566,0.912
10,2,Cross-Region WAN,500.0,1.0988,1.0,1,0.9101,2129.8,2169.3,0.1899,0.2343,0.566,0.912
11,0,Region-A Backhaul,400.0,0.8241,0.8241,0,1.0,2083.9,2137.3,0.1841,0.2442,0.632,1.099
11,1,Cloud Egress,300.0,0.6986,0.6986,0,1.0,2083.9,2137.3,0.1841,0.2442,0.632,1.099
11,2,Cross-Region WAN,500.0,1.1336,1.0,1,0.8822,2083.9,2137.3,0.1841,0.2442,0.632,1.099
12,0,Region-A Backhaul,400.0,0.8583,0.8583,0,1.0,2073.6,2095.7,0.1807,0.2055,0.606,0.798
12,1,Cloud Egress,300.0,0.7168,0.7168,0,1.0,2073.6,2095.7,0.1807,0.2055,0.606,0.798
12,2,Cross-Region WAN,500.0,1.055,1.0,1,0.9478,2073.6,2095.7,0.1807,0.2055,0.606,0.798
13,0,Region-A Backhaul,400.0,0.5531,0.5531,0,1.0,2143.9,2145.1,0.1687,0.1699,0.538,0.548
13,1,Cloud Egress,300.0,1.0028,1.0,1,0.9972,2143.9,2145.1,0.1687,0.1699,0.538,0.548
13,2,Cross-Region WAN,500.0,0.9535,0.9535,0,1.0,2143.9,2145.1,0.1687,0.1699,0.538,0.548
14,0,Region-A Backhaul,400.0,0.537,0.537,0,1.0,2120.3,2120.3,0.1746,0.1746,0.444,0.444
14,1,Cloud Egress,300.0,0.8113,0.8113,0,1.0,2120.3,2120.3,0.1746,0.1746,0.444,0.444
14,2,Cross-Region WAN,500.0,0.7559,0.7559,0,1.0,2120.3,2120.3,0.1746,0.1746,0.444,0.444
15,0,Region-A Backhaul,400.0,0.6488,0.6488,0,1.0,2093.3,2093.3,0.1986,0.1986,0.49,0.49
15,1,Cloud Egress,300.0,0.9502,0.9502,0,1.0,2093.3,2093.3,0.1986,0.1986,0.49,0.49
15,2,Cross-Region WAN,500.0,0.8439,0.8439,0,1.0,2093.3,2093.3,0.1986,0.1986,0.49,0.49
16,0,Region-A Backhaul,400.0,0.5803,0.5803,0,1.0,2150.8,2153.2,0.194,0.1967,0.426,0.447
16,1,Cloud Egress,300.0,1.006,1.0,1,0.994,2150.8,2153.2,0.194,0.1967,0.426,0.447
16,2,Cross-Region WAN,500.0,0.5703,0.5703,0,1.0,2150.8,2153.2,0.194,0.1967,0.426,0.447
17,0,Region-A Backhaul,400.0,0.7395,0.7395,0,1.0,2114.9,2114.9,0.1674,0.1674,0.437,0.437
17,1,Cloud Egress,300.0,0.9666,0.9666,0,1.0,2114.9,2114.9,0.1674,0.1674,0.437,0.437
17,2,Cross-Region WAN,500.0,0.5923,0.5923,0,1.0,2114.9,2114.9,0.1674,0.1674,0.437,0.437
18,0,Region-A Backhaul,400.0,0.6073,0.6073,0,1.0,2141.5,2238.9,0.1868,0.2964,0.465,1.318
18,1,Cloud Egress,300.0,1.2435,1.0,1,0.8042,2141.5,2238.9,0.1868,0.2964,0.465,1.318
18,2,Cross-Region WAN,500.0,0.5131,0.5131,0,1.0,2141.5,2238.9,0.1868,0.2964,0.465,1.318
19,0,Region-A Backhaul,400.0,0.5745,0.5745,0,1.0,2113.7,2199.3,0.1985,0.2948,0.447,1.196
19,1,Cloud Egress,300.0,1.214,1.0,1,0.8237,2113.7,2199.3,0.1985,0.2948,0.447,1.196
19,2,Cross-Region WAN,500.0,0.5592,0.5592,0,1.0,2113.7,2199.3,0.1985,0.2948,0.447,1.196
20,0,Region-A Backhaul,400.0,0.9586,0.9586,0,1.0,2163.5,2239.4,0.155,0.2403,0.647,1.311
20,1,Cloud Egress,300.0,1.1896,1.0,1,0.8406,2163.5,2239.4,0.155,0.2403,0.647,1.311
20,2,Cross-Region WAN,500.0,0.8511,0.8511,0,1.0,2163.5,2239.4,0.155,0.2403,0.647,1.311
21,0,Region-A Backhaul,400.0,0.8022,0.8022,0,1.0,2155.9,2155.9,0.1948,0.1948,0.405,0.405
21,1,Cloud Egress,300.0,0.9584,0.9584,0,1.0,2155.9,2155.9,0.1948,0.1948,0.405,0.405
21,2,Cross-Region WAN,500.0,0.2586,0.2586,0,1.0,2155.9,2155.9,0.1948,0.1948,0.405,0.405
22,0,Region-A Backhaul,400.0,0.8881,0.8881,0,1.0,2105.8,2148.2,0.1731,0.2208,0.508,0.879
22,1,Cloud Egress,300.0,1.106,1.0,1,0.9041,2105.8,2148.2,0.1731,0.2208,0.508,0.879
22,2,Cross-Region WAN,500.0,0.6231,0.6231,0,1.0,2105.8,2148.2,0.1731,0.2208,0.508,0.879
23,0,Region-A Backhaul,400.0,0.7597,0.7597,0,1.0,2136.3,2136.3,0.1953,0.1953,0.405,0.405
23,1,Cloud Egress,300.0,0.7341,0.7341,0,1.0,2136.3,2136.3,0.1953,0.1953,0.405,0.405
23,2,Cross-Region WAN,500.0,0.3219,0.3219,0,1.0,2136.3,2136.3,0.1953,0.1953,0.405,0.405
24,0,Region-A Backhaul,400.0,0.912,0.912,0,1.0,2128.1,2128.1,0.1713,0.1713,0.427,0.427
24,1,Cloud Egress,300.0,0.8494,0.8494,0,1.0,2128.1,2128.1,0.1713,0.1713,0.427,0.427
24,2,Cross-Region WAN,500.0,0.515,0.515,0,1.0,2128.1,2128.1,0.1713,0.1713,0.427,0.427
25,0,Region-A Backhaul,400.0,1.0293,1.0,1,0.9715,2146.2,2158.0,0.1525,0.1657,0.555,0.658
25,1,Cloud Egress,300.0,0.9485,0.9485,0,1.0,2146.2,2158.0,0.1525,0.1657,0.555,0.658
25,2,Cross-Region WAN,500.0,0.7779,0.7779,0,1.0,2146.2,2158.0,0.1525,0.1657,0.555,0.658
26,0,Region-A Backhaul,400.0,0.9056,0.9056,0,1.0,2087.9,2087.9,0.1557,0.1557,0.488,0.488
26,1,Cloud Egress,300.0,0.6022,0.6022,0,1.0,2087.9,2087.9,0.1557,0.1557,0.488,0.488
26,2,Cross-Region WAN,500.0,0.6875,0.6875,0,1.0,2087.9,2087.9,0.1557,0.1557,0.488,0.488
27,0,Region-A Backhaul,400.0,1.1033,1.0,1,0.9064,2129.2,2170.5,0.1859,0.2323,0.534,0.895
27,1,Cloud Egress,300.0,0.6541,0.6541,0,1.0,2129.2,2170.5,0.1859,0.2323,0.534,0.895
27,2,Cross-Region WAN,500.0,0.5868,0.5868,0,1.0,2129.2,2170.5,0.1859,0.2323,0.534,0.895
28,0,Region-A Backhaul,400.0,0.9861,0.9861,0,1.0,2138.5,2138.5,0.1897,0.1897,0.534,0.534
28,1,Cloud Egress,300.0,0.7665,0.7665,0,1.0,2138.5,2138.5,0.1897,0.1897,0.534,0.534
28,2,Cross-Region WAN,500.0,0.6999,0.6999,0,1.0,2138.5,2138.5,0.1897,0.1897,0.534,0.534
29,0,Region-A Backhaul,400.0,1.0087,1.0,1,0.9913,2068.0,2071.5,0.1687,0.1727,0.628,0.658
29,1,Cloud Egress,300.0,0.7802,0.7802,0,1.0,2068.0,2071.5,0.1687,0.1727,0.628,0.658
29,2,Cross-Region WAN,500.0,0.9574,0.9574,0,1.0,2068.0,2071.5,0.1687,0.1727,0.628,0.658
30,0,Region-A Backhaul,400.0,0.9438,0.9438,0,1.0,2082.4,2082.4,0.1965,0.1965,0.535,0.535
30,1,Cloud Egress,300.0,0.7649,0.7649,0,1.0,2082.4,2082.4,0.1965,0.1965,0.535,0.535
30,2,Cross-Region WAN,500.0,0.8192,0.8192,0,1.0,2082.4,2082.4,0.1965,0.1965,0.535,0.535
31,0,Region-A Backhaul,400.0,1.1996,1.0,1,0.8336,2061.0,2149.3,0.1551,0.2545,0.728,1.501
31,1,Cloud Egress,300.0,1.0163,1.0,1,0.9839,2061.0,2149.3,0.1551,0.2545,0.728,1.501
31,2,Cross-Region WAN,500.0,1.0049,1.0,1,0.9951,2061.0,2149.3,0.1551,0.2545,0.728,1.501
32,0,Region-A Backhaul,400.0,0.9291,0.9291,0,1.0,2105.3,2115.4,0.1838,0.1952,0.648,0.736
32,1,Cloud Egress,300.0,0.9773,0.9773,0,1.0,2105.3,2115.4,0.1838,0.1952,0.648,0.736
32,2,Cross-Region WAN,500.0,1.0253,1.0,1,0.9753,2105.3,2115.4,0.1838,0.1952,0.648,0.736
33,0,Region-A Backhaul,400.0,0.7531,0.7531,0,1.0,2129.9,2200.6,0.1632,0.2427,0.591,1.209
33,1,Cloud Egress,300.0,1.1766,1.0,1,0.8499,2129.9,2200.6,0.1632,0.2427,0.591,1.209
33,2,Cross-Region WAN,500.0,0.961,0.961,0,1.0,2129.9,2200.6,0.1632,0.2427,0.591,1.209
34,0,Region-A Backhaul,400.0,0.928,0.928,0,1.0,2149.6,2317.6,0.1733,0.3623,0.852,2.322
34,1,Cloud Egress,300.0,1.0469,1.0,1,0.9552,2149.6,2317.6,0.1733,0.3623,0.852,2.322
34,2,Cross-Region WAN,500.0,1.3731,1.0,1,0.7283,2149.6,2317.6,0.1733,0.3623,0.852,2.322
35,0,Region-A Backhaul,400.0,0.6362,0.6362,0,1.0,2113.9,2287.6,0.1859,0.3813,0.681,2.201
35,1,Cloud Egress,300.0,1.2655,1.0,1,0.7902,2113.9,2287.6,0.1859,0.3813,0.681,2.201
35,2,Cross-Region WAN,500.0,1.1687,1.0,1,0.8556,2113.9,2287.6,0.1859,0.3813,0.681,2.201
36,0,Region-A Backhaul,400.0,0.769,0.769,0,1.0,2152.7,2152.7,0.1695,0.1695,0.486,0.486
36,1,Cloud Egress,300.0,0.971,0.971,0,1.0,2152.7,2152.7,0.1695,0.1695,0.486,0.486
36,2,Cross-Region WAN,500.0,0.7895,0.7895,0,1.0,2152.7,2152.7,0.1695,0.1695,0.486,0.486
37,0,Region-A Backhaul,400.0,0.4811,0.4811,0,1.0,2077.5,2108.8,0.1781,0.2133,0.519,0.793
37,1,Cloud Egress,300.0,0.9335,0.9335,0,1.0,2077.5,2108.8,0.1781,0.2133,0.519,0.793
37,2,Cross-Region WAN,500.0,1.0784,1.0,1,0.9273,2077.5,2108.8,0.1781,0.2133,0.519,0.793
38,0,Region-A Backhaul,400.0,0.5424,0.5424,0,1.0,2069.4,2069.4,0.2031,0.2031,0.503,0.503
38,1,Cloud Egress,300.0,0.9556,0.9556,0,1.0,2069.4,2069.4,0.2031,0.2031,0.503,0.503
38,2,Cross-Region WAN,500.0,0.9263,0.9263,0,1.0,2069.4,2069.4,0.2031,0.2031,0.503,0.503
39,0,Region-A Backhaul,400.0,0.7255,0.7255,0,1.0,2110.6,2148.2,0.1746,0.2169,0.53,0.858
39,1,Cloud Egress,300.0,0.6676,0.6676,0,1.0,2110.6,2148.2,0.1746,0.2169,0.53,0.858
39,2,Cross-Region WAN,500.0,1.0939,1.0,1,0.9141,2110.6,2148.2,0.1746,0.2169,0.53,0.858
40,0,Region-A Backhaul,400.0,0.8049,0.8049,0,1.0,2121.6,2121.6,0.2,0.2,0.46,0.46
40,1,Cloud Egress,300.0,0.7522,0.7522,0,1.0,2121.6,2121.6,0.2,0.2,0.46,0.46
40,2,Cross-Region WAN,500.0,0.8105,0.8105,0,1.0,2121.6,2121.6,0.2,0.2,0.46,0.46
41,0,Region-A Backhaul,400.0,0.7645,0.7645,0,1.0,2111.2,2111.2,0.1647,0.1647,0.506,0.506
41,1,Cloud Egress,300.0,0.8319,0.8319,0,1.0,2111.2,2111.2,0.1647,0.1647,0.506,0.506
41,2,Cross-Region WAN,500.0,0.8462,0.8462,0,1.0,2111.2,2111.2,0.1647,0.1647,0.506,0.506
42,0,Region-A Backhaul,400.0,0.7688,0.7688,0,1.0,2060.3,2060.3,0.1945,0.1945,0.464,0.464
42,1,Cloud Egress,300.0,0.55,0.55,0,1.0,2060.3,2060.3,0.1945,0.1945,0.464,0.464
42,2,Cross-Region WAN,500.0,0.8707,0.8707,0,1.0,2060.3,2060.3,0.1945,0.1945,0.464,0.464
43,0,Region-A Backhaul,400.0,0.7932,0.7932,0,1.0,2109.8,2109.8,0.2109,0.2109,0.485,0.485
43,1,Cloud Egress,300.0,0.775,0.775,0,1.0,2109.8,2109.8,0.2109,0.2109,0.485,0.485
43,2,Cross-Region WAN,500.0,0.8589,0.8589,0,1.0,2109.8,2109.8,0.2109,0.2109,0.485,0.485
44,0,Region-A Backhaul,400.0,0.7026,0.7026,0,1.0,2079.4,2079.4,0.1405,0.1405,0.378,0.378
44,1,Cloud Egress,300.0,0.8565,0.8565,0,1.0,2079.4,2079.4,0.1405,0.1405,0.378,0.378
44,2,Cross-Region WAN,500.0,0.5105,0.5105,0,1.0,2079.4,2079.4,0.1405,0.1405,0.378,0.378
45,0,Region-A Backhaul,400.0,0.8443,0.8443,0,1.0,2128.7,2128.7,0.1707,0.1707,0.489,0.489
45,1,Cloud Egress,300.0,0.9982,0.9982,0,1.0,2128.7,2128.7,0.1707,0.1707,0.489,0.489
45,2,Cross-Region WAN,500.0,0.5786,0.5786,0,1.0,2128.7,2128.7,0.1707,0.1707,0.489,0.489
46,0,Region-A Backhaul,400.0,0.922,0.922,0,1.0,2121.2,2121.2,0.1954,0.1954,0.424,0.424
46,1,Cloud Egress,300.0,0.8858,0.8858,0,1.0,2121.2,2121.2,0.1954,0.1954,0.424,0.424
46,2,Cross-Region WAN,500.0,0.5146,0.5146,0,1.0,2121.2,2121.2,0.1954,0.1954,0.424,0.424
47,0,Region-A Backhaul,400.0,1.1429,1.0,1,0.875,2088.5,2145.7,0.1813,0.2456,0.511,1.011
47,1,Cloud Egress,300.0,0.9514,0.9514,0,1.0,2088.5,2145.7,0.1813,0.2456,0.511,1.011
47,2,Cross-Region WAN,500.0,0.4563,0.4563,0,1.0,2088.5,2145.7,0.1813,0.2456,0.511,1.011
48,0,Region-A Backhaul,400.0,1.085,1.0,1,0.9217,2099.2,2205.7,0.1917,0.3116,0.645,1.578
48,1,Cloud Egress,300.0,1.1814,1.0,1,0.8464,2099.2,2205.7,0.1917,0.3116,0.645,1.578
48,2,Cross-Region WAN,500.0,0.7742,0.7742,0,1.0,2099.2,2205.7,0.1917,0.3116,0.645,1.578
49,0,Region-A Backhaul,400.0,0.8466,0.8466,0,1.0,2085.5,2152.9,0.1741,0.25,0.515,1.105
49,1,Cloud Egress,300.0,1.1685,1.0,1,0.8558,2085.5,2152.9,0.1741,0.25,0.515,1.105
49,2,Cross-Region WAN,500.0,0.5767,0.5767,0,1.0,2085.5,2152.9,0.1741,0.25,0.515,1.105
50,0,Region-A Backhaul,400.0,1.0971,1.0,1,0.9115,2110.4,2203.5,0.1866,0.2912,0.562,1.376
50,1,Cloud Egress,300.0,1.1356,1.0,1,0.8806,2110.4,2203.5,0.1866,0.2912,0.562,1.376
50,2,Cross-Region WAN,500.0,0.3505,0.3505,0,1.0,2110.4,2203.5,0.1866,0.2912,0.562,1.376
51,0,Region-A Backhaul,400.0,0.9975,0.9975,0,1.0,2135.9,2169.5,0.1822,0.22,0.625,0.919
51,1,Cloud Egress,300.0,1.084,1.0,1,0.9225,2135.9,2169.5,0.1822,0.22,0.625,0.919
51,2,Cross-Region WAN,500.0,0.6762,0.6762,0,1.0,2135.9,2169.5,0.1822,0.22,0.625,0.919
52,0,Region-A Backhaul,400.0,0.9348,0.9348,0,1.0,2087.4,2087.4,0.206,0.206,0.604,0.604
52,1,Cloud Egress,300.0,0.8977,0.8977,0,1.0,2087.4,2087.4,0.206,0.206,0.604,0.604
52,2,Cross-Region WAN,500.0,0.8782,0.8782,0,1.0,2087.4,2087.4,0.206,0.206,0.604,0.604
53,0,Region-A Backhaul,400.0,1.0507,1.0,1,0.9517,2124.6,2144.9,0.1896,0.2124,0.582,0.759
53,1,Cloud Egress,300.0,0.8975,0.8975,0,1.0,2124.6,2144.9,0.1896,0.2124,0.582,0.759
53,2,Cross-Region WAN,500.0,0.77,0.77,0,1.0,2124.6,2144.9,0.1896,0.2124,0.582,0.759
54,0,Region-A Backhaul,400.0,1.0544,1.0,1,0.9484,2098.7,2120.5,0.1911,0.2156,0.491,0.682
54,1,Cloud Egress,300.0,0.82,0.82,0,1.0,2098.7,2120.5,0.1911,0.2156,0.491,0.682
54,2,Cross-Region WAN,500.0,0.4658,0.4658,0,1.0,2098.7,2120.5,0.1911,0.2156,0.491,0.682
55,0,Region-A Backhaul,400.0,0.9918,0.9918,0,1.0,2092.2,2092.2,0.1776,0.1776,0.459,0.459
55,1,Cloud Egress,300.0,0.658,0.658,0,1.0,2092.2,2092.2,0.1776,0.1776,0.459,0.459
55,2,Cross-Region WAN,500.0,0.6699,0.6699,0,1.0,2092.2,2092.2,0.1776,0.1776,0.459,0.459
56,0,Region-A Backhaul,400.0,0.7286,0.7286,0,1.0,2109.3,2109.3,0.1762,0.1762,0.544,0.544
56,1,Cloud Egress,300.0,0.8878,0.8878,0,1.0,2109.3,2109.3,0.1762,0.1762,0.544,0.544
56,2,Cross-Region WAN,500.0,0.9774,0.9774,0,1.0,2109.3,2109.3,0.1762,0.1762,0.544,0.544
57,0,Region-A Backhaul,400.0,0.7456,0.7456,0,1.0,2086.1,2086.1,0.1772,0.1772,0.444,0.444
57,1,Cloud Egress,300.0,0.7582,0.7582,0,1.0,2086.1,2086.1,0.1772,0.1772,0.444,0.444
57,2,Cross-Region WAN,500.0,0.7632,0.7632,0,1.0,2086.1,2086.1,0.1772,0.1772,0.444,0.444
58,0,Region-A Backhaul,400.0,0.7837,0.7837,0,1.0,2098.2,2098.2,0.1921,0.1921,0.525,0.525
58,1,Cloud Egress,300.0,0.6374,0.6374,0,1.0,2098.2,2098.2,0.1921,0.1921,0.525,0.525
58,2,Cross-Region WAN,500.0,0.9836,0.9836,0,1.0,2098.2,2098.2,0.1921,0.1921,0.525,0.525
59,0,Region-A Backhaul,400.0,0.8333,0.8333,0,1.0,2082.1,2115.3,0.1774,0.2148,0.594,0.885
59,1,Cloud Egress,300.0,0.8962,0.8962,0,1.0,2082.1,2115.3,0.1774,0.2148,0.594,0.885
59,2,Cross-Region WAN,500.0,1.083,1.0,1,0.9233,2082.1,2115.3,0.1774,0.2148,0.594,0.885
60,0,Region-A Backhaul,400.0,0.6443,0.6443,0,1.0,2161.1,2161.1,0.1902,0.1902,0.492,0.492
60,1,Cloud Egress,300.0,0.8225,0.8225,0,1.0,2161.1,2161.1,0.1902,0.1902,0.492,0.492
60,2,Cross-Region WAN,500.0,0.8891,0.8891,0,1.0,2161.1,2161.1,0.1902,0.1902,0.492,0.492
61,0,Region-A Backhaul,400.0,0.6796,0.6796,0,1.0,2112.9,2165.7,0.2224,0.2818,0.646,1.109
61,1,Cloud Egress,300.0,1.0882,1.0,1,0.919,2112.9,2165.7,0.2224,0.2818,0.646,1.109
61,2,Cross-Region WAN,500.0,1.0439,1.0,1,0.9579,2112.9,2165.7,0.2224,0.2818,0.646,1.109
62,0,Region-A Backhaul,400.0,0.5835,0.5835,0,1.0,2094.5,2174.2,0.2007,0.2904,0.462,1.159
62,1,Cloud Egress,300.0,1.1994,1.0,1,0.8338,2094.5,2174.2,0.2007,0.2904,0.462,1.159
62,2,Cross-Region WAN,500.0,0.6192,0.6192,0,1.0,2094.5,2174.2,0.2007,0.2904,0.462,1.159
63,0,Region-A Backhaul,400.0,0.6004,0.6004,0,1.0,2117.3,2136.2,0.1791,0.2004,0.541,0.707
63,1,Cloud Egress,300.0,1.0472,1.0,1,0.955,2117.3,2136.2,0.1791,0.2004,0.541,0.707
63,2,Cross-Region WAN,500.0,0.9366,0.9366,0,1.0,2117.3,2136.2,0.1791,0.2004,0.541,0.707
64,0,Region-A Backhaul,400.0,0.8802,0.8802,0,1.0,2109.2,2218.3,0.2066,0.3294,0.716,1.671
64,1,Cloud Egress,300.0,1.2351,1.0,1,0.8096,2109.2,2218.3,0.2066,0.3294,0.716,1.671
64,2,Cross-Region WAN,500.0,1.0376,1.0,1,0.9637,2109.2,2218.3,0.2066,0.3294,0.716,1.671
65,0,Region-A Backhaul,400.0,0.992,0.992,0,1.0,2106.5,2167.2,0.1777,0.246,0.644,1.175
65,1,Cloud Egress,300.0,1.1518,1.0,1,0.8682,2106.5,2167.2,0.1777,0.246,0.644,1.175
65,2,Cross-Region WAN,500.0,0.8776,0.8776,0,1.0,2106.5,2167.2,0.1777,0.246,0.644,1.175
66,0,Region-A Backhaul,400.0,0.8714,0.8714,0,1.0,2127.4,2278.9,0.1483,0.3188,0.765,2.091
66,1,Cloud Egress,300.0,1.1315,1.0,1,0.8838,2127.4,2278.9,0.1483,0.3188,0.765,2.091
66,2,Cross-Region WAN,500.0,1.2475,1.0,1,0.8016,2127.4,2278.9,0.1483,0.3188,0.765,2.091
67,0,Region-A Backhaul,400.0,1.0511,1.0,1,0.9514,2130.9,2213.6,0.1669,0.2598,0.647,1.37
67,1,Cloud Egress,300.0,1.1554,1.0,1,0.8655,2130.9,2213.6,0.1669,0.2598,0.647,1.37
67,2,Cross-Region WAN,500.0,0.7744,0.7744,0,1.0,2130.9,2213.6,0.1669,0.2598,0.647,1.37
68,0,Region-A Backhaul,400.0,1.0207,1.0,1,0.9797,2098.7,2107.0,0.1513,0.1606,0.597,0.669
68,1,Cloud Egress,300.0,0.8497,0.8497,0,1.0,2098.7,2107.0,0.1513,0.1606,0.597,0.669
68,2,Cross-Region WAN,500.0,0.8599,0.8599,0,1.0,2098.7,2107.0,0.1513,0.1606,0.597,0.669
69,0,Region-A Backhaul,400.0,0.9386,0.9386,0,1.0,2097.6,2097.6,0.1787,0.1787,0.521,0.521
69,1,Cloud Egress,300.0,0.7153,0.7153,0,1.0,2097.6,2097.6,0.1787,0.1787,0.521,0.521
69,2,Cross-Region WAN,500.0,0.8806,0.8806,0,1.0,2097.6,2097.6,0.1787,0.1787,0.521,0.521
70,0,Region-A Backhaul,400.0,1.0871,1.0,1,0.9199,2105.1,2140.7,0.1853,0.2253,0.631,0.942
70,1,Cloud Egress,300.0,0.6405,0.6405,0,1.0,2105.1,2140.7,0.1853,0.2253,0.631,0.942
70,2,Cross-Region WAN,500.0,1.0018,1.0,1,0.9982,2105.1,2140.7,0.1853,0.2253,0.631,0.942
71,0,Region-A Backhaul,400.0,1.2427,1.0,1,0.8047,2054.5,2151.5,0.2152,0.3244,0.569,1.419
71,1,Cloud Egress,300.0,0.6196,0.6196,0,1.0,2054.5,2151.5,0.2152,0.3244,0.569,1.419
71,2,Cross-Region WAN,500.0,0.5367,0.5367,0,1.0,2054.5,2151.5,0.2152,0.3244,0.569,1.419
72,0,Region-A Backhaul,400.0,1.0539,1.0,1,0.9489,2074.1,2095.7,0.1909,0.2151,0.616,0.804
72,1,Cloud Egress,300.0,0.7031,0.7031,0,1.0,2074.1,2095.7,0.1909,0.2151,0.616,0.804
72,2,Cross-Region WAN,500.0,0.8414,0.8414,0,1.0,2074.1,2095.7,0.1909,0.2151,0.616,0.804
73,0,Region-A Backhaul,400.0,1.2315,1.0,1,0.812,2146.2,2238.8,0.1811,0.2852,0.632,1.442
73,1,Cloud Egress,300.0,0.7906,0.7906,0,1.0,2146.2,2238.8,0.1811,0.2852,0.632,1.442
73,2,Cross-Region WAN,500.0,0.6269,0.6269,0,1.0,2146.2,2238.8,0.1811,0.2852,0.632,1.442
74,0,Region-A Backhaul,400.0,0.7017,0.7017,0,1.0,2153.1,2153.1,0.1999,0.1999,0.441,0.441
74,1,Cloud Egress,300.0,0.8582,0.8582,0,1.0,2153.1,2153.1,0.1999,0.1999,0.441,0.441
74,2,Cross-Region WAN,500.0,0.4437,0.4437,0,1.0,2153.1,2153.1,0.1999,0.1999,0.441,0.441
75,0,Region-A Backhaul,400.0,1.0759,1.0,1,0.9294,2105.8,2137.2,0.1452,0.1806,0.552,0.827
75,1,Cloud Egress,300.0,1.0027,1.0,1,0.9973,2105.8,2137.2,0.1452,0.1806,0.552,0.827
75,2,Cross-Region WAN,500.0,0.6124,0.6124,0,1.0,2105.8,2137.2,0.1452,0.1806,0.552,0.827
76,0,Region-A Backhaul,400.0,0.9412,0.9412,0,1.0,2126.4,2130.7,0.1892,0.1941,0.537,0.575
76,1,Cloud Egress,300.0,1.0108,1.0,1,0.9893,2126.4,2130.7,0.1892,0.1941,0.537,0.575
76,2,Cross-Region WAN,500.0,0.5549,0.5549,0,1.0,2126.4,2130.7,0.1892,0.1941,0.537,0.575
77,0,Region-A Backhaul,400.0,0.8441,0.8441,0,1.0,2119.8,2211.3,0.1989,0.3019,0.508,1.309
77,1,Cloud Egress,300.0,1.2288,1.0,1,0.8138,2119.8,2211.3,0.1989,0.3019,0.508,1.309
77,2,Cross-Region WAN,500.0,0.436,0.436,0,1.0,2119.8,2211.3,0.1989,0.3019,0.508,1.309
78,0,Region-A Backhaul,400.0,0.8403,0.8403,0,1.0,2189.0,2230.1,0.1584,0.2046,0.56,0.919
78,1,Cloud Egress,300.0,1.1028,1.0,1,0.9068,2189.0,2230.1,0.1584,0.2046,0.56,0.919
78,2,Cross-Region WAN,500.0,0.5368,0.5368,0,1.0,2189.0,2230.1,0.1584,0.2046,0.56,0.919
79,0,Region-A Backhaul,400.0,0.5442,0.5442,0,1.0,2140.0,2304.3,0.2056,0.3905,0.457,1.895
79,1,Cloud Egress,300.0,1.4108,1.0,1,0.7088,2140.0,2304.3,0.2056,0.3905,0.457,1.895
79,2,Cross-Region WAN,500.0,0.4938,0.4938,0,1.0,2140.0,2304.3,0.2056,0.3905,0.457,1.895
80,0,Region-A Backhaul,400.0,0.7176,0.7176,0,1.0,2108.8,2178.0,0.1911,0.269,0.464,1.07
80,1,Cloud Egress,300.0,1.1731,1.0,1,0.8524,2108.8,2178.0,0.1911,0.269,0.464,1.07
80,2,Cross-Region WAN,500.0,0.597,0.597,0,1.0,2108.8,2178.0,0.1911,0.269,0.464,1.07
81,0,Region-A Backhaul,400.0,0.7591,0.7591,0,1.0,2088.1,2088.1,0.1775,0.1775,0.467,0.467
81,1,Cloud Egress,300.0,0.9636,0.9636,0,1.0,2088.1,2088.1,0.1775,0.1775,0.467,0.467
81,2,Cross-Region WAN,500.0,0.7181,0.7181,0,1.0,2088.1,2088.1,0.1775,0.1775,0.467,0.467
82,0,Region-A Backhaul,400.0,0.8792,0.8792,0,1.0,2071.8,2071.8,0.1964,0.1964,0.495,0.495
82,1,Cloud Egress,300.0,0.8587,0.8587,0,1.0,2071.8,2071.8,0.1964,0.1964,0.495,0.495
82,2,Cross-Region WAN,500.0,0.9006,0.9006,0,1.0,2071.8,2071.8,0.1964,0.1964,0.495,0.495
83,0,Region-A Backhaul,400.0,0.6396,0.6396,0,1.0,2117.1,2117.1,0.2259,0.2259,0.385,0.385
83,1,Cloud Egress,300.0,0.9225,0.9225,0,1.0,2117.1,2117.1,0.2259,0.2259,0.385,0.385
83,2,Cross-Region WAN,500.0,0.5644,0.5644,0,1.0,2117.1,2117.1,0.2259,0.2259,0.385,0.385
84,0,Region-A Backhaul,400.0,0.6192,0.6192,0,1.0,2093.1,2132.5,0.1883,0.2327,0.515,0.86
84,1,Cloud Egress,300.0,0.7683,0.7683,0,1.0,2093.1,2132.5,0.1883,0.2327,0.515,0.86
84,2,Cross-Region WAN,500.0,1.0986,1.0,1,0.9102,2093.1,2132.5,0.1883,0.2327,0.515,0.86
85,0,Region-A Backhaul,400.0,0.6838,0.6838,0,1.0,2076.4,2076.4,0.1895,0.1895,0.399,0.399
85,1,Cloud Egress,300.0,0.8009,0.8009,0,1.0,2076.4,2076.4,0.1895,0.1895,0.399,0.399
85,2,Cross-Region WAN,500.0,0.589,0.589,0,1.0,2076.4,2076.4,0.1895,0.1895,0.399,0.399
86,0,Region-A Backhaul,400.0,0.8925,0.8925,0,1.0,2095.8,2095.8,0.1767,0.1767,0.551,0.551
86,1,Cloud Egress,300.0,0.7485,0.7485,0,1.0,2095.8,2095.8,0.1767,0.1767,0.551,0.551
86,2,Cross-Region WAN,500.0,0.9002,0.9002,0,1.0,2095.8,2095.8,0.1767,0.1767,0.551,0.551
87,0,Region-A Backhaul,400.0,0.8687,0.8687,0,1.0,2085.0,2107.7,0.1697,0.1953,0.639,0.838
87,1,Cloud Egress,300.0,0.7035,0.7035,0,1.0,2085.0,2107.7,0.1697,0.1953,0.639,0.838
87,2,Cross-Region WAN,500.0,1.0569,1.0,1,0.9461,2085.0,2107.7,0.1697,0.1953,0.639,0.838
88,0,Region-A Backhaul,400.0,0.8164,0.8164,0,1.0,2154.2,2177.5,0.1999,0.2262,0.589,0.793
88,1,Cloud Egress,300.0,0.6718,0.6718,0,1.0,2154.2,2177.5,0.1999,0.2262,0.589,0.793
88,2,Cross-Region WAN,500.0,1.0583,1.0,1,0.945,2154.2,2177.5,0.1999,0.2262,0.589,0.793
89,0,Region-A Backhaul,400.0,0.9923,0.9923,0,1.0,2134.0,2134.0,0.1696,0.1696,0.569,0.569
89,1,Cloud Egress,300.0,0.679,0.679,0,1.0,2134.0,2134.0,0.1696,0.1696,0.569,0.569
89,2,Cross-Region WAN,500.0,0.9651,0.9651,0,1.0,2134.0,2134.0,0.1696,0.1696,0.569,0.569
90,0,Region-A Backhaul,400.0,0.989,0.989,0,1.0,2111.8,2129.3,0.1863,0.206,0.626,0.779
90,1,Cloud Egress,300.0,0.8753,0.8753,0,1.0,2111.8,2129.3,0.1863,0.206,0.626,0.779
90,2,Cross-Region WAN,500.0,1.0438,1.0,1,0.958,2111.8,2129.3,0.1863,0.206,0.626,0.779
91,0,Region-A Backhaul,400.0,1.1323,1.0,1,0.8832,2149.0,2244.3,0.1764,0.2837,0.761,1.595
91,1,Cloud Egress,300.0,1.0951,1.0,1,0.9131,2149.0,2244.3,0.1764,0.2837,0.761,1.595
91,2,Cross-Region WAN,500.0,1.011,1.0,1,0.9891,2149.0,2244.3,0.1764,0.2837,0.761,1.595
92,0,Region-A Backhaul,400.0,0.9595,0.9595,0,1.0,2113.9,2155.9,0.1936,0.2408,0.633,1.0
92,1,Cloud Egress,300.0,1.1049,1.0,1,0.9051,2113.9,2155.9,0.1936,0.2408,0.633,1.0
92,2,Cross-Region WAN,500.0,0.9905,0.9905,0,1.0,2113.9,2155.9,0.1936,0.2408,0.633,1.0
93,0,Region-A Backhaul,400.0,1.0188,1.0,1,0.9815,2090.5,2168.4,0.191,0.2786,0.8,1.482
93,1,Cloud Egress,300.0,1.0047,1.0,1,0.9954,2090.5,2168.4,0.191,0.2786,0.8,1.482
93,2,Cross-Region WAN,500.0,1.1712,1.0,1,0.8538,2090.5,2168.4,0.191,0.2786,0.8,1.482
94,0,Region-A Backhaul,400.0,1.0111,1.0,1,0.989,2150.1,2244.5,0.2037,0.3099,0.77,1.596
94,1,Cloud Egress,300.0,1.1561,1.0,1,0.865,2150.1,2244.5,0.2037,0.3099,0.77,1.596
94,2,Cross-Region WAN,500.0,1.0689,1.0,1,0.9355,2150.1,2244.5,0.2037,0.3099,0.77,1.596
95,0,Region-A Backhaul,400.0,0.8681,0.8681,0,1.0,2125.5,2185.1,0.1758,0.2429,0.598,1.119
95,1,Cloud Egress,300.0,1.1491,1.0,1,0.8703,2125.5,2185.1,0.1758,0.2429,0.598,1.119
95,2,Cross-Region WAN,500.0,0.8776,0.8776,0,1.0,2125.5,2185.1,0.1758,0.2429,0.598,1.119
96,0,Region-A Backhaul,400.0,1.0516,1.0,1,0.951,2086.1,2125.7,0.1801,0.2247,0.645,0.991
96,1,Cloud Egress,300.0,0.9609,0.9609,0,1.0,2086.1,2125.7,0.1801,0.2247,0.645,0.991
96,2,Cross-Region WAN,500.0,1.0474,1.0,1,0.9547,2086.1,2125.7,0.1801,0.2247,0.645,0.991
97,0,Region-A Backhaul,400.0,1.0086,1.0,1,0.9914,2107.2,2110.7,0.1674,0.1713,0.672,0.703
97,1,Cloud Egress,300.0,0.9811,0.9811,0,1.0,2107.2,2110.7,0.1674,0.1713,0.672,0.703
97,2,Cross-Region WAN,500.0,0.9053,0.9053,0,1.0,2107.2,2110.7,0.1674,0.1713,0.672,0.703
98,0,Region-A Backhaul,400.0,0.9313,0.9313,0,1.0,2090.1,2090.1,0.177,0.177,0.582,0.582
98,1,Cloud Egress,300.0,0.8801,0.8801,0,1.0,2090.1,2090.1,0.177,0.177,0.582,0.582
98,2,Cross-Region WAN,500.0,0.9138,0.9138,0,1.0,2090.1,2090.1,0.177,0.177,0.582,0.582
99,0,Region-A Backhaul,400.0,0.8518,0.8518,0,1.0,2077.4,2077.4,0.1918,0.1918,0.527,0.527
99,1,Cloud Egress,300.0,0.6764,0.6764,0,1.0,2077.4,2077.4,0.1918,0.1918,0.527,0.527
99,2,Cross-Region WAN,500.0,0.8258,0.8258,0,1.0,2077.4,2077.4,0.1918,0.1918,0.527,0.527
