window,p_rel_none,p_rel_ind,p_rel_burst,failure_state_burst,lat_none_ms,lat_ind_ms,lat_burst_ms,risk_none,risk_ind,risk_burst,sla_viol_none,sla_viol_ind,sla_viol_burst
0,1.0,0.9626,0.9248,0,2152.2,2074.0,2030.2,0.0,0.0374,0.0752,0.0,0.0,0.0
1,1.0,0.934,0.9334,0,2073.4,2222.9,2239.6,0.0,0.066,0.0666,0.0,0.0,0.0
2,1.0,0.9692,0.9255,0,2154.8,2082.6,2159.5,0.0,0.0308,0.0745,0.0,0.0,0.0
3,1.0,0.9898,0.9378,0,2112.5,2192.0,2153.1,0.0,0.0102,0.0622,0.0,0.0,0.0
4,1.0,0.9762,0.9476,0,2193.4,1990.6,2135.1,0.0,0.0238,0.0524,0.0,0.0,0.0
5,1.0,0.9644,0.9619,0,2250.0,2363.8,2176.0,0.0,0.0356,0.0381,0.0,0.0,0.0
6,1.0,0.9362,0.9464,0,2172.6,2084.5,2160.9,0.0,0.0638,0.0536,0.0,0.0,0.0
7,1.0,0.972,0.9482,0,2037.1,2036.8,1986.0,0.0,0.028,0.0518,0.0,0.0,0.0
8,1.0,0.9697,0.9438,0,2174.5,2302.1,2174.0,0.0,0.0303,0.0562,0.0,0.0,0.0
9,1.0,0.9329,0.9551,0,2073.7,1977.6,2004.9,0.0,0.0671,0.0449,0.0,0.0,0.0
10,1.0,0.9775,0.9471,0,2101.5,2148.3,2108.7,0.0,0.0225,0.0529,0.0,0.0,0.0
11,1.0,0.9611,0.9485,0,2145.8,1982.3,2188.6,0.0,0.0389,0.0515,0.0,0.0,0.0
12,1.0,0.9556,0.9353,0,2176.8,2069.8,2202.8,0.0,0.0444,0.0647,0.0,0.0,0.0
13,1.0,0.9773,0.9427,0,2110.2,2136.4,2031.2,0.0,0.0227,0.0573,0.0,0.0,0.0
14,1.0,0.9547,0.9328,0,2054.1,2040.8,2097.6,0.0,0.0453,0.0672,0.0,0.0,0.0
15,1.0,0.9589,0.9404,0,2174.3,2057.8,2124.3,0.0,0.0411,0.0596,0.0,0.0,0.0
16,1.0,0.9409,0.9205,0,2161.1,2115.0,2004.2,0.0,0.0591,0.0795,0.0,0.0,0.0
17,1.0,0.9493,0.9267,0,2145.8,2113.7,2080.6,0.0,0.0507,0.0733,0.0,0.0,0.0
18,1.0,0.9807,0.9358,0,2098.9,2263.6,2066.4,0.0,0.0193,0.0642,0.0,0.0,0.0
19,1.0,0.9412,0.9397,0,1919.2,2026.3,2231.5,0.0,0.0588,0.0603,0.0,0.0,0.0
20,1.0,0.955,0.9341,0,1956.7,2237.0,1946.9,0.0,0.045,0.0659,0.0,0.0,0.0
21,1.0,0.9893,0.9173,0,2082.7,2024.2,2143.2,0.0,0.0107,0.0827,0.0,0.0,0.0
22,1.0,0.9442,0.9304,0,2211.3,2021.0,2048.3,0.0,0.0558,0.0696,0.0,0.0,0.0
23,1.0,0.985,0.9542,0,2037.3,2153.5,2081.9,0.0,0.015,0.0458,0.0,0.0,0.0
24,1.0,0.9851,0.9561,0,2157.6,2065.7,2190.4,0.0,0.0149,0.0439,0.0,0.0,0.0
25,1.0,0.9355,0.9512,0,2143.7,1942.6,2116.6,0.0,0.0645,0.0488,0.0,0.0,0.0
26,1.0,0.9578,0.9273,0,2149.3,2121.9,2070.6,0.0,0.0422,0.0727,0.0,0.0,0.0
27,1.0,0.9601,0.9395,0,2162.7,2278.7,2144.7,0.0,0.0399,0.0605,0.0,0.0,0.0
28,1.0,0.9488,0.9326,0,2210.7,2062.7,2030.3,0.0,0.0512,0.0674,0.0,0.0,0.0
29,1.0,0.9328,0.9549,0,2033.4,2104.5,2049.5,0.0,0.0672,0.0451,0.0,0.0,0.0
30,1.0,0.9445,0.9439,0,2007.5,2149.6,2097.6,0.0,0.0555,0.0561,0.0,0.0,0.0
31,1.0,0.9357,0.9579,0,2153.0,2081.8,2139.8,0.0,0.0643,0.0421,0.0,0.0,0.0
32,1.0,0.9443,0.9468,0,2163.1,2016.1,2098.3,0.0,0.0557,0.0532,0.0,0.0,0.0
33,1.0,0.9785,0.9478,0,2074.4,2150.3,2011.2,0.0,0.0215,0.0522,0.0,0.0,0.0
34,1.0,0.9837,0.94,0,2048.1,2069.7,2024.6,0.0,0.0163,0.06,0.0,0.0,0.0
35,1.0,0.9326,0.9332,0,2205.4,2024.2,2140.6,0.0,0.0674,0.0668,0.0,0.0,0.0
36,1.0,0.9481,0.93,0,2002.5,2177.4,2031.5,0.0,0.0519,0.07,0.0,0.0,0.0
37,1.0,0.9888,0.918,0,2119.0,2289.9,2148.1,0.0,0.0112,0.082,0.0,0.0,0.0
38,1.0,0.9624,0.937,0,2132.2,2199.6,2179.7,0.0,0.0376,0.063,0.0,0.0,0.0
39,1.0,0.9676,0.944,0,2259.0,2118.4,2019.1,0.0,0.0324,0.056,0.0,0.0,0.0
40,1.0,0.9303,0.9588,0,2103.2,2114.9,2005.9,0.0,0.0697,0.0412,0.0,0.0,0.0
41,1.0,0.9591,0.9458,0,2062.4,2115.0,2066.8,0.0,0.0409,0.0542,0.0,0.0,0.0
42,1.0,0.9893,0.9484,0,2022.1,2045.7,2183.0,0.0,0.0107,0.0516,0.0,0.0,0.0
43,1.0,0.9525,0.9439,0,2079.2,2236.8,2192.0,0.0,0.0475,0.0561,0.0,0.0,0.0
44,1.0,0.9358,0.6981,0,2086.7,2122.0,2105.7,0.0,0.0642,0.3019,0.0,0.0,0.0
45,1.0,0.9577,0.4304,1,2085.4,2073.4,3839.0,0.0,0.0423,0.5696,0.0,0.0,1.0
46,1.0,0.9878,0.1933,1,2033.8,2073.9,4684.9,0.0,0.0122,0.8067,0.0,0.0,1.0
47,1.0,0.9505,0.2039,1,2132.2,2169.8,4331.3,0.0,0.0495,0.7961,0.0,0.0,1.0
48,1.0,0.9779,0.1927,1,2168.0,2060.7,4385.3,0.0,0.0221,0.8073,0.0,0.0,1.0
49,1.0,0.9779,0.1551,1,2052.5,2044.9,4832.6,0.0,0.0221,0.8449,0.0,0.0,1.0
50,1.0,0.9425,0.146,1,1989.2,2145.9,4524.1,0.0,0.0575,0.854,0.0,0.0,1.0
51,1.0,0.9566,0.4308,1,2250.6,2014.6,3621.9,0.0,0.0434,0.5692,0.0,0.0,1.0
52,1.0,0.9729,0.7108,0,2030.3,2130.4,2096.1,0.0,0.0271,0.2892,0.0,0.0,0.0
53,1.0,0.9546,0.945,0,2133.2,2022.3,2086.5,0.0,0.0454,0.055,0.0,0.0,0.0
54,1.0,0.9415,0.9487,0,2150.1,2261.4,2056.6,0.0,0.0585,0.0513,0.0,0.0,0.0
55,1.0,0.988,0.9418,0,2110.7,2229.1,2180.3,0.0,0.012,0.0582,0.0,0.0,0.0
56,1.0,0.969,0.9554,0,1990.0,2169.5,2022.1,0.0,0.031,0.0446,0.0,0.0,0.0
57,1.0,0.9819,0.9408,0,2077.7,2067.4,2113.6,0.0,0.0181,0.0592,0.0,0.0,0.0
58,1.0,0.9315,0.944,0,2126.1,2079.1,2249.6,0.0,0.0685,0.056,0.0,0.0,0.0
59,1.0,0.946,0.9514,0,2166.6,2170.1,2225.8,0.0,0.054,0.0486,0.0,0.0,0.0
60,1.0,0.9601,0.9585,0,2138.2,2205.5,2187.2,0.0,0.0399,0.0415,0.0,0.0,0.0
61,1.0,0.934,0.9671,0,2249.7,2062.5,2225.7,0.0,0.066,0.0329,0.0,0.0,0.0
62,1.0,0.9896,0.9625,0,2143.0,2034.7,2189.3,0.0,0.0104,0.0375,0.0,0.0,0.0
63,1.0,0.9442,0.9665,0,2139.2,2088.3,2108.5,0.0,0.0558,0.0335,0.0,0.0,0.0
64,1.0,0.9525,0.9418,0,2258.9,2124.9,2191.0,0.0,0.0475,0.0582,0.0,0.0,0.0
65,1.0,0.9428,0.9411,0,1938.4,2051.1,1948.0,0.0,0.0572,0.0589,0.0,0.0,0.0
66,1.0,0.9363,0.9366,0,2106.7,2065.9,2123.0,0.0,0.0637,0.0634,0.0,0.0,0.0
67,1.0,0.9439,0.9381,0,2015.8,2038.9,2158.9,0.0,0.0561,0.0619,0.0,0.0,0.0
68,1.0,0.948,0.9426,0,2173.6,2075.6,2143.7,0.0,0.052,0.0574,0.0,0.0,0.0
69,1.0,0.9681,0.9416,0,2071.2,2132.5,2168.6,0.0,0.0319,0.0584,0.0,0.0,0.0
70,1.0,0.9469,0.9415,0,2060.9,2226.7,2104.3,0.0,0.0531,0.0585,0.0,0.0,0.0
71,1.0,0.9517,0.6578,0,2093.3,2129.9,2204.5,0.0,0.0483,0.3422,0.0,0.0,0.0
72,1.0,0.9304,0.3755,1,2098.4,2054.3,3866.3,0.0,0.0696,0.6245,0.0,0.0,1.0
73,1.0,0.9519,0.1523,1,2056.6,2016.4,4793.5,0.0,0.0481,0.8477,0.0,0.0,1.0
74,1.0,0.7498,0.1595,1,2198.9,2070.9,4895.4,0.0,0.2502,0.8405,0.0,0.0,1.0
75,1.0,0.9397,0.2086,1,2094.7,2012.5,4598.9,0.0,0.0603,0.7914,0.0,0.0,1.0
76,1.0,0.9658,0.1994,1,2041.4,2184.5,4406.5,0.0,0.0342,0.8006,0.0,0.0,1.0
77,1.0,0.9476,0.1993,1,2026.8,2191.5,4871.1,0.0,0.0524,0.8007,0.0,0.0,1.0
78,1.0,0.9679,0.199,1,2049.4,2104.2,4322.9,0.0,0.0321,0.801,0.0,0.0,1.0
79,1.0,0.9316,0.2055,1,2157.5,2005.0,4666.5,0.0,0.0684,0.7945,0.0,0.0,1.0
80,1.0,0.9833,0.2013,1,2219.2,2200.7,4313.9,0.0,0.0167,0.7987,0.0,0.0,1.0
81,1.0,0.931,0.4375,1,2171.9,2182.1,3917.5,0.0,0.069,0.5625,0.0,0.0,1.0
82,1.0,0.9376,0.6634,0,2069.2,2019.2,2079.9,0.0,0.0624,0.3366,0.0,0.0,0.0
83,1.0,0.9766,0.9356,0,2062.8,2153.4,2142.2,0.0,0.0234,0.0644,0.0,0.0,0.0
84,1.0,0.9328,0.9313,0,2189.2,2079.8,2065.7,0.0,0.0672,0.0687,0.0,0.0,0.0
85,1.0,0.9727,0.9485,0,2164.4,2168.1,2194.7,0.0,0.0273,0.0515,0.0,0.0,0.0
86,1.0,0.9883,0.9588,0,2104.1,2185.5,2266.8,0.0,0.0117,0.0412,0.0,0.0,0.0
87,1.0,0.6074,0.9538,0,2130.6,1948.6,2220.1,0.0,0.3926,0.0462,0.0,0.0,0.0
88,1.0,0.9726,0.9454,0,2019.8,2142.8,2123.2,0.0,0.0274,0.0546,0.0,0.0,0.0
89,1.0,0.9875,0.9408,0,2124.7,2185.9,2178.1,0.0,0.0125,0.0592,0.0,0.0,0.0
90,1.0,0.9558,0.9486,0,1982.1,2033.5,2094.3,0.0,0.0442,0.0514,0.0,0.0,0.0
91,1.0,0.9824,0.9521,0,2077.7,2167.8,2195.1,0.0,0.0176,0.0479,0.0,0.0,0.0
92,1.0,0.9514,0.9419,0,2201.3,2038.8,2024.5,0.0,0.0486,0.0581,0.0,0.0,0.0
93,1.0,0.9858,0.9294,0,2067.5,2082.3,2155.4,0.0,0.0142,0.0706,0.0,0.0,0.0
94,1.0,0.9389,0.9194,0,2162.0,2064.7,2142.8,0.0,0.0611,0.0806,0.0,0.0,0.0
95,1.0,0.9864,0.9123,0,2186.2,2141.6,2127.3,0.0,0.0136,0.0877,0.0,0.0,0.0
96,1.0,0.98,0.9092,0,2082.0,2062.6,2263.3,0.0,0.02,0.0908,0.0,0.0,0.0
97,1.0,0.9808,0.9269,0,2059.8,2255.0,2037.2,0.0,0.0192,0.0731,0.0,0.0,0.0
98,1.0,0.9374,0.935,0,2106.0,2174.9,2086.7,0.0,0.0626,0.065,0.0,0.0,0.0
99,1.0,0.9658,0.9344,0,2167.9,2227.1,2114.3,0.0,0.0342,0.0656,0.0,0.0,0.0
100,1.0,0.931,0.9358,0,2099.7,2082.1,2045.5,0.0,0.069,0.0642,0.0,0.0,0.0
101,1.0,0.9733,0.9315,0,2115.1,2175.8,2098.3,0.0,0.0267,0.0685,0.0,0.0,0.0
102,1.0,0.9305,0.937,0,2268.7,2080.9,2141.8,0.0,0.0695,0.063,0.0,0.0,0.0
103,1.0,0.9351,0.6693,0,2126.9,2275.3,1939.3,0.0,0.0649,0.3307,0.0,0.0,0.0
104,1.0,0.9435,0.4036,1,2154.2,2121.2,4034.0,0.0,0.0565,0.5964,0.0,0.0,1.0
105,1.0,0.9825,0.3994,1,2099.5,2028.0,3811.5,0.0,0.0175,0.6006,0.0,0.0,1.0
106,1.0,0.9518,0.6625,0,2143.5,2075.6,2036.3,0.0,0.0482,0.3375,0.0,0.0,0.0
107,1.0,0.9624,0.9471,0,2139.9,2291.6,2059.5,0.0,0.0376,0.0529,0.0,0.0,0.0
108,1.0,0.9641,0.9619,0,2189.4,2188.8,2155.5,0.0,0.0359,0.0381,0.0,0.0,0.0
109,1.0,0.9435,0.9656,0,2119.2,2149.5,2049.1,0.0,0.0565,0.0344,0.0,0.0,0.0
110,1.0,0.9643,0.9472,0,2066.7,2097.2,2260.4,0.0,0.0357,0.0528,0.0,0.0,0.0
111,1.0,0.9697,0.9473,0,2047.5,2168.0,2147.3,0.0,0.0303,0.0527,0.0,0.0,0.0
112,1.0,0.9479,0.9431,0,2116.5,1963.8,2051.7,0.0,0.0521,0.0569,0.0,0.0,0.0
113,1.0,0.9551,0.9489,0,2086.2,1991.8,1985.6,0.0,0.0449,0.0511,0.0,0.0,0.0
114,1.0,0.9572,0.9541,0,2131.8,2070.0,2087.6,0.0,0.0428,0.0459,0.0,0.0,0.0
115,1.0,0.9859,0.954,0,2184.2,2095.8,2168.9,0.0,0.0141,0.046,0.0,0.0,0.0
116,1.0,0.9652,0.9656,0,2130.8,2180.9,2111.6,0.0,0.0348,0.0344,0.0,0.0,0.0
117,1.0,0.9869,0.9625,0,2071.2,2038.4,2080.1,0.0,0.0131,0.0375,0.0,0.0,0.0
118,1.0,0.6295,0.9578,0,2036.8,2150.5,2097.0,0.0,0.3705,0.0422,0.0,0.0,0.0
119,1.0,0.96,0.6869,0,2151.7,2043.5,2107.2,0.0,0.04,0.3131,0.0,0.0,0.0
120,1.0,0.9302,0.4361,1,1985.8,2088.0,3660.6,0.0,0.0698,0.5639,0.0,0.0,1.0
121,1.0,0.9589,0.1742,1,2040.5,2249.4,5042.1,0.0,0.0411,0.8258,0.0,0.0,1.0
122,1.0,0.9856,0.1566,1,2145.2,2140.3,4812.8,0.0,0.0144,0.8434,0.0,0.0,1.0
123,1.0,0.9419,0.3986,1,2117.3,2062.8,3770.6,0.0,0.0581,0.6014,0.0,0.0,1.0
124,1.0,0.9331,0.6508,0,2182.3,2093.6,1952.3,0.0,0.0669,0.3492,0.0,0.0,0.0
125,1.0,0.9544,0.9187,0,2166.5,2168.9,2152.9,0.0,0.0456,0.0813,0.0,0.0,0.0
126,1.0,0.9523,0.9194,0,2065.3,2176.2,2191.5,0.0,0.0477,0.0806,0.0,0.0,0.0
127,1.0,0.9814,0.9162,0,2175.7,2180.6,2130.5,0.0,0.0186,0.0838,0.0,0.0,0.0
128,1.0,0.9316,0.9394,0,2051.9,2187.7,2105.6,0.0,0.0684,0.0606,0.0,0.0,0.0
129,1.0,0.9852,0.9375,0,2049.4,2152.4,2109.1,0.0,0.0148,0.0625,0.0,0.0,0.0
130,1.0,0.9709,0.9466,0,2061.0,1981.6,2109.2,0.0,0.0291,0.0534,0.0,0.0,0.0
131,1.0,0.9843,0.9216,0,2061.8,2161.9,2092.2,0.0,0.0157,0.0784,0.0,0.0,0.0
132,1.0,0.9665,0.9229,0,2127.9,2170.3,2111.0,0.0,0.0335,0.0771,0.0,0.0,0.0
133,1.0,0.9787,0.9132,0,2201.3,2044.1,2103.1,0.0,0.0213,0.0868,0.0,0.0,0.0
134,1.0,0.9501,0.9126,0,2096.5,1996.1,2177.7,0.0,0.0499,0.0874,0.0,0.0,0.0
135,1.0,0.951,0.9103,0,1995.3,1950.5,2207.2,0.0,0.049,0.0897,0.0,0.0,0.0
136,1.0,0.9534,0.9317,0,2136.5,2075.1,2162.2,0.0,0.0466,0.0683,0.0,0.0,0.0
137,1.0,0.9753,0.9432,0,2083.2,2160.6,2235.2,0.0,0.0247,0.0568,0.0,0.0,0.0
138,1.0,0.9522,0.9345,0,2126.2,2215.2,2193.2,0.0,0.0478,0.0655,0.0,0.0,0.0
139,1.0,0.9445,0.917,0,2047.3,2120.9,2236.9,0.0,0.0555,0.083,0.0,0.0,0.0
140,1.0,0.9863,0.9245,0,2146.0,2133.1,2166.1,0.0,0.0137,0.0755,0.0,0.0,0.0
141,1.0,0.9845,0.9438,0,2125.3,2031.1,2126.9,0.0,0.0155,0.0562,0.0,0.0,0.0
142,1.0,0.9509,0.9595,0,2100.0,2150.8,2243.9,0.0,0.0491,0.0405,0.0,0.0,0.0
143,1.0,0.9681,0.9492,0,2020.0,2161.4,2050.1,0.0,0.0319,0.0508,0.0,0.0,0.0
144,1.0,0.9464,0.9389,0,2034.4,2032.6,2242.1,0.0,0.0536,0.0611,0.0,0.0,0.0
145,1.0,0.9424,0.9402,0,2120.6,2163.4,2105.9,0.0,0.0576,0.0598,0.0,0.0,0.0
146,1.0,0.9502,0.9414,0,2167.5,2231.1,2220.1,0.0,0.0498,0.0586,0.0,0.0,0.0
147,1.0,0.5577,0.9514,0,2259.8,2136.7,2149.2,0.0,0.4423,0.0486,0.0,0.0,0.0
148,1.0,0.9829,0.9455,0,2030.5,2247.3,2063.0,0.0,0.0171,0.0545,0.0,0.0,0.0
149,1.0,0.9793,0.9446,0,1969.8,2059.1,2080.7,0.0,0.0207,0.0554,0.0,0.0,0.0
150,1.0,0.9726,0.9273,0,2066.9,1958.9,2276.9,0.0,0.0274,0.0727,0.0,0.0,0.0
151,1.0,0.9876,0.9149,0,2205.1,2149.5,2083.2,0.0,0.0124,0.0851,0.0,0.0,0.0
152,1.0,0.9554,0.929,0,2080.0,2191.6,2244.6,0.0,0.0446,0.071,0.0,0.0,0.0
153,1.0,0.9447,0.9389,0,2124.5,2088.1,2228.9,0.0,0.0553,0.0611,0.0,0.0,0.0
154,1.0,0.937,0.9623,0,2102.7,2148.8,2110.5,0.0,0.063,0.0377,0.0,0.0,0.0
155,1.0,0.9481,0.9483,0,2193.7,2087.1,2039.6,0.0,0.0519,0.0517,0.0,0.0,0.0
156,1.0,0.9387,0.9429,0,2069.6,2296.4,2164.0,0.0,0.0613,0.0571,0.0,0.0,0.0
157,1.0,0.9355,0.9257,0,2173.8,2234.6,2038.6,0.0,0.0645,0.0743,0.0,0.0,0.0
158,1.0,0.9662,0.9252,0,2170.9,2157.9,2279.1,0.0,0.0338,0.0748,0.0,0.0,0.0
159,1.0,0.9519,0.9355,0,2161.2,2202.3,2208.9,0.0,0.0481,0.0645,0.0,0.0,0.0
160,1.0,0.9639,0.9265,0,2141.6,2046.8,1980.6,0.0,0.0361,0.0735,0.0,0.0,0.0
161,1.0,0.9415,0.9377,0,2210.3,2143.6,2176.8,0.0,0.0585,0.0623,0.0,0.0,0.0
162,1.0,0.9706,0.9318,0,2034.7,1913.9,2098.9,0.0,0.0294,0.0682,0.0,0.0,0.0
163,1.0,0.9429,0.943,0,2216.3,2020.8,2049.1,0.0,0.0571,0.057,0.0,0.0,0.0
164,1.0,0.9467,0.9355,0,2018.3,2069.7,2160.0,0.0,0.0533,0.0645,0.0,0.0,0.0
165,1.0,0.9745,0.9363,0,2104.2,1876.4,1972.6,0.0,0.0255,0.0637,0.0,0.0,0.0
166,1.0,0.9636,0.9381,0,2232.8,2133.8,2056.0,0.0,0.0364,0.0619,0.0,0.0,0.0
167,1.0,0.9501,0.9345,0,2112.0,1980.5,2055.9,0.0,0.0499,0.0655,0.0,0.0,0.0
168,1.0,0.9626,0.9346,0,2025.7,2092.5,2034.8,0.0,0.0374,0.0654,0.0,0.0,0.0
169,1.0,0.9716,0.9321,0,2125.7,2162.2,2070.7,0.0,0.0284,0.0679,0.0,0.0,0.0
170,1.0,0.9847,0.9367,0,2154.6,2178.5,2207.6,0.0,0.0153,0.0633,0.0,0.0,0.0
171,1.0,0.9648,0.9412,0,2171.0,1978.3,2083.1,0.0,0.0352,0.0588,0.0,0.0,0.0
172,1.0,0.944,0.9369,0,2115.0,2147.5,2196.3,0.0,0.056,0.0631,0.0,0.0,0.0
173,1.0,0.9748,0.9366,0,2201.5,2209.1,1986.0,0.0,0.0252,0.0634,0.0,0.0,0.0
174,1.0,0.9767,0.9358,0,2054.1,2024.5,2034.5,0.0,0.0233,0.0642,0.0,0.0,0.0
175,1.0,0.942,0.9299,0,2095.1,2000.0,2169.3,0.0,0.058,0.0701,0.0,0.0,0.0
176,1.0,0.9792,0.9302,0,2008.4,2290.5,2079.1,0.0,0.0208,0.0698,0.0,0.0,0.0
177,1.0,0.9579,0.9207,0,2017.9,2163.2,2013.9,0.0,0.0421,0.0793,0.0,0.0,0.0
178,1.0,0.9768,0.931,0,2103.6,2202.2,2064.2,0.0,0.0232,0.069,0.0,0.0,0.0
179,1.0,0.9442,0.9392,0,2180.5,2029.7,2145.4,0.0,0.0558,0.0608,0.0,0.0,0.0
180,1.0,0.95,0.9415,0,2139.9,2068.5,2012.6,0.0,0.05,0.0585,0.0,0.0,0.0
181,1.0,0.9872,0.9436,0,2197.8,2046.2,2015.6,0.0,0.0128,0.0564,0.0,0.0,0.0
182,1.0,0.9695,0.9222,0,1960.7,2014.7,1908.1,0.0,0.0305,0.0778,0.0,0.0,0.0
183,1.0,0.9764,0.9218,0,2141.6,2199.4,2175.9,0.0,0.0236,0.0782,0.0,0.0,0.0
184,1.0,0.9713,0.926,0,1969.8,1991.6,2195.6,0.0,0.0287,0.074,0.0,0.0,0.0
185,1.0,0.9423,0.9337,0,2106.0,2066.1,2032.6,0.0,0.0577,0.0663,0.0,0.0,0.0
186,1.0,0.5582,0.931,0,2235.0,2199.0,2155.4,0.0,0.4418,0.069,0.0,0.0,0.0
187,1.0,0.9785,0.9216,0,2091.8,2120.1,2150.8,0.0,0.0215,0.0784,0.0,0.0,0.0
188,1.0,0.9705,0.9387,0,2231.1,2126.5,2171.3,0.0,0.0295,0.0613,0.0,0.0,0.0
189,1.0,0.9304,0.9355,0,2194.8,1984.2,2196.2,0.0,0.0696,0.0645,0.0,0.0,0.0
190,1.0,0.9352,0.9401,0,2163.2,2146.4,2161.4,0.0,0.0648,0.0599,0.0,0.0,0.0
191,1.0,0.9508,0.9162,0,2043.3,1985.7,2046.6,0.0,0.0492,0.0838,0.0,0.0,0.0
192,1.0,0.9867,0.9283,0,2251.5,2070.3,2188.0,0.0,0.0133,0.0717,0.0,0.0,0.0
193,1.0,0.9595,0.9198,0,2026.8,2161.8,2034.8,0.0,0.0405,0.0802,0.0,0.0,0.0
194,1.0,0.6551,0.9352,0,2134.8,2209.4,2098.6,0.0,0.3449,0.0648,0.0,0.0,0.0
195,1.0,0.9516,0.9279,0,2150.4,2079.1,2041.8,0.0,0.0484,0.0721,0.0,0.0,0.0
196,1.0,0.6827,0.9424,0,2176.6,2074.7,2077.0,0.0,0.3173,0.0576,0.0,0.0,0.0
197,1.0,0.9553,0.9347,0,2193.8,2171.7,2103.9,0.0,0.0447,0.0653,0.0,0.0,0.0
198,1.0,0.9431,0.9278,0,2114.5,2110.8,2139.4,0.0,0.0569,0.0722,0.0,0.0,0.0
199,1.0,0.9807,0.9003,0,2070.3,2195.5,2171.6,0.0,0.0193,0.0997,0.0,0.0,0.0
